Income,Tax,Effective Rate,Marginal Rate
0,0,0,0
100,0,0,0
200,0,0,0
300,0,0,0
400,0,0,0
500,0,0,0
600,0,0,0
700,0,0,0
800,0,0,0
900,0,0,0
1000,0,0,0
1100,0,0,0
1200,0,0,0
1300,0,0,0
1400,0,0,0
1500,0,0,0
1600,0,0,0
1700,0,0,0
1800,0,0,0
1900,0,0,0
2000,0,0,0
2100,0,0,0
2200,0,0,0
2300,0,0,0
2400,0,0,0
2500,0,0,0
2600,0,0,0
2700,0,0,0
2800,0,0,0
2900,0,0,0
3000,0,0,0
3100,0,0,0
3200,0,0,0
3300,0,0,0
3400,0,0,0
3500,0,0,0
3600,0,0,0
3700,0,0,0
3800,0,0,0
3900,0,0,0
4000,0,0,0
4100,0,0,0
4200,0,0,0
4300,0,0,0
4400,0,0,0
4500,0,0,0
4600,0,0,0
4700,0,0,0
4800,0,0,0
4900,0,0,0
5000,0,0,0
5100,0,0,0
5200,0,0,0
5300,0,0,0
5400,0,0,0
5500,0,0,0
5600,0,0,0
5700,0,0,0
5800,0,0,0
5900,0,0,0
6000,0,0,0
6100,0,0,0
6200,0,0,0
6300,0,0,0
6400,0,0,0
6500,0,0,0
6600,0,0,0
6700,0,0,0
6800,0,0,0
6900,0,0,0
7000,0,0,0
7100,0,0,0
7200,0,0,0
7300,0,0,0
7400,0,0,0
7500,0,0,0
7600,0,0,0
7700,0,0,0
7800,0,0,0
7900,0,0,0
8000,0,0,0
8100,0,0,0
8200,0,0,0
8300,0,0,0
8400,0,0,0
8500,0,0,0
8600,0,0,0
8700,0,0,0
8800,0,0,0
8900,0,0,0
9000,0,0,0
9100,0,0,0
9200,7.1279907,0.0007747816,0.25800002
9300,17.927979,0.0019277396,0.25800002
9400,28.727966,0.0030561667,0.25800002
9500,39.527954,0.0041608373,0.25800002
9600,50.328003,0.0052425005,0.25800002
9700,61.12793,0.006301848,0.25800002
9800,71.92798,0.0073395898,0.25800002
9900,82.72803,0.008356366,0.25800002
10000,93.527954,0.009352796,0.25800002
10100,104.328,0.010329505,0.25800002
10200,115.12793,0.011287052,0.25800002
10300,125.92798,0.012226017,0.25800002
10400,136.72803,0.013146926,0.25800002
10500,147.52795,0.014050282,0.25800002
10600,158.328,0.014936604,0.25800002
10700,169.12793,0.015806349,0.25800002
10800,179.92798,0.016659997,0.25800002
10900,190.72803,0.017497985,0.25800002
11000,201.52795,0.018320723,0.25800002
11100,212.328,0.019128649,0.25800002
11200,223.12793,0.019922137,0.25800002
11300,233.92798,0.02070159,0.25800002
11400,244.72803,0.02146737,0.25800002
11500,259.42798,0.022558955,0.25800002
11600,285.22803,0.024588622,0.25800002
11700,311.02795,0.026583586,0.25800002
11800,336.828,0.028544746,0.25800002
11900,362.62805,0.030472945,0.25800002
12000,388.42798,0.032369,0.25800002
12100,414.22803,0.034233723,0.25800002
12200,440.02795,0.036067866,0.25800002
12300,465.828,0.037872195,0.25800002
12400,491.62805,0.039647423,0.25800002
12500,517.428,0.041394237,0.25800002
12600,543.228,0.043113336,0.25800002
12700,569.02795,0.04480535,0.25800002
12800,594.828,0.046470936,0.25800002
12900,620.62805,0.0481107,0.25800002
13000,646.428,0.04972523,0.25800002
13100,672.228,0.051315118,0.25800002
13200,698.0281,0.052880913,0.25800002
13300,723.828,0.054423157,0.25800002
13400,749.62805,0.05594239,0.25800002
13500,775.428,0.05743911,0.25800002
13600,801.228,0.058913827,0.25800002
13700,827.02795,0.060367003,0.25800002
13800,852.8279,0.06179912,0.25800002
13900,878.6279,0.063210644,0.25800002
14000,904.42786,0.06460199,0.25800002
14100,930.2279,0.06597361,0.25800002
14200,956.02795,0.06732591,0.25800002
14300,981.8279,0.06865929,0.25800002
14400,1007.6279,0.06997416,0.25800002
14500,1033.4279,0.07127088,0.25800002
14600,1059.2279,0.07254986,0.25800002
14700,1085.028,0.07381143,0.25800002
14800,1110.8279,0.075055934,0.25800002
14900,1136.6279,0.07628375,0.25800002
15000,1162.4279,0.07749519,0.25800002
15100,1188.2279,0.07869059,0.25800002
15200,1214.028,0.07987026,0.25800002
15300,1239.8279,0.081034504,0.25800002
15400,1265.6279,0.08218363,0.25800002
15500,1291.4279,0.08331793,0.25800002
15600,1317.2279,0.08443768,0.25800002
15700,1343.028,0.085543185,0.25800002
15800,1368.8279,0.08663467,0.25800002
15900,1394.6279,0.08771245,0.25800002
16000,1420.4279,0.08877674,0.25800002
16100,1446.2279,0.08982782,0.25800002
16200,1472.028,0.090865925,0.25800002
16300,1497.8279,0.09189128,0.25800002
16400,1523.6279,0.09290414,0.25800002
16500,1549.4279,0.09390472,0.25800002
16600,1575.2279,0.09489325,0.25800002
16700,1601.028,0.095869936,0.25800002
16800,1626.8279,0.096834995,0.25800002
16900,1652.6279,0.09778863,0.25800002
17000,1678.4279,0.09873105,0.25800002
17100,1704.2279,0.09966245,0.25800002
17200,1730.028,0.10058302,0.25800002
17300,1755.8279,0.10149294,0.25800002
17400,1781.6279,0.10239241,0.25800002
17500,1807.4279,0.103281595,0.25800002
17600,1833.2279,0.104160674,0.25800002
17700,1859.028,0.10502983,0.25800002
17800,1884.8279,0.10588921,0.25800002
17900,1910.6279,0.10673899,0.25800002
18000,1936.4279,0.10757933,0.25800002
18100,1962.2279,0.10841038,0.25800002
18200,1988.028,0.10923231,0.25800002
18300,2013.8279,0.11004524,0.25800002
18400,2039.6279,0.11084934,0.25800002
18500,2065.4277,0.111644745,0.25800002
18600,2091.228,0.112431616,0.25800002
18700,2117.0278,0.113210045,0.25800002
18800,2142.828,0.113980204,0.25800002
18900,2168.628,0.11474222,0.25800002
19000,2194.4277,0.115496196,0.25800002
19100,2220.228,0.116242304,0.25800002
19200,2246.0278,0.11698062,0.25800002
19300,2271.8281,0.1177113,0.25800002
19400,2297.628,0.11843443,0.25800002
19500,2323.4277,0.11915014,0.25800002
19600,2349.228,0.11985857,0.25800002
19700,2375.0278,0.12055979,0.25800002
19800,2400.8281,0.121253945,0.25800002
19900,2426.628,0.121941105,0.25800002
20000,2452.4277,0.12262139,0.25800002
20100,2478.228,0.12329493,0.25800002
20200,2504.0278,0.12396178,0.25800002
20300,2529.8281,0.12462208,0.25800002
20400,2555.628,0.12527588,0.25800002
20500,2581.4282,0.12592332,0.25800002
20600,2607.228,0.12656447,0.25800002
20700,2633.0283,0.12719944,0.25800002
20800,2658.8281,0.12782827,0.25800002
20900,2684.628,0.1284511,0.25800002
21000,2710.4282,0.12906802,0.25800002
21100,2736.228,0.12967905,0.25800002
21200,2762.0283,0.13028435,0.25800002
21300,2787.8281,0.13088395,0.25800002
21400,2813.628,0.13147794,0.25800002
21500,2839.4282,0.13206643,0.25800002
21600,2865.228,0.13264945,0.25800002
21700,2891.0283,0.13322711,0.25800002
21800,2916.8281,0.13379945,0.25800002
21900,2942.628,0.13436657,0.25800002
22000,2968.4282,0.13492855,0.25800002
22100,2994.228,0.13548543,0.25800002
22200,3020.0283,0.1360373,0.25800002
22300,3045.8281,0.13658422,0.25800002
22400,3071.628,0.13712625,0.25800002
22500,3097.4282,0.13766348,0.25800002
22600,3123.228,0.13819593,0.25800002
22700,3149.0283,0.13872372,0.25800002
22800,3174.8281,0.13924685,0.25800002
22900,3200.628,0.13976541,0.25800002
23000,3226.4282,0.14027949,0.25800002
23100,3252.228,0.14078909,0.25800002
23200,3278.0283,0.14129433,0.25800002
23300,3303.8281,0.1417952,0.25800002
23400,3329.628,0.1422918,0.25800002
23500,3355.4282,0.14278418,0.25800002
23600,3381.228,0.14327237,0.25800002
23700,3407.0283,0.14375646,0.25800002
23800,3432.8281,0.14423648,0.25800002
23900,3458.628,0.14471246,0.25800002
24000,3484.4282,0.1451845,0.25800002
24100,3510.228,0.14565262,0.25800002
24200,3536.0283,0.14611687,0.25800002
24300,3561.8281,0.14657728,0.25800002
24400,3587.628,0.14703393,0.25800002
24500,3613.4282,0.14748687,0.25800002
24600,3639.228,0.1479361,0.25800002
24700,3665.0283,0.14838171,0.25800002
24800,3690.8281,0.14882371,0.25800002
24900,3716.628,0.14926216,0.25800002
25000,3742.4282,0.14969712,0.25800002
25100,3768.228,0.1501286,0.25800002
25200,3794.0283,0.15055668,0.25800002
25300,3819.8281,0.15098135,0.25800002
25400,3845.628,0.15140267,0.25800002
25500,3871.4282,0.15182072,0.25800002
25600,3897.228,0.15223546,0.25800002
25700,3923.0283,0.15264702,0.25800002
25800,3948.8281,0.15305535,0.25800002
25900,3974.628,0.15346053,0.25800002
26000,4000.4282,0.15386263,0.25800002
26100,4026.228,0.1542616,0.25800002
26200,4052.0283,0.15465757,0.25800002
26300,4077.8281,0.1550505,0.25800002
26400,4103.6284,0.15544046,0.25800002
26500,4129.428,0.15582748,0.25800002
26600,4155.228,0.15621158,0.25800002
26700,4181.0283,0.15659282,0.25800002
26800,4206.828,0.1569712,0.25800002
26900,4232.6284,0.15734679,0.25800002
27000,4258.428,0.15771957,0.25800002
27100,4284.228,0.1580896,0.25800002
27200,4310.0283,0.15845692,0.25800002
27300,4335.828,0.15882154,0.25800002
27400,4361.628,0.1591835,0.25800002
27500,4387.4277,0.15954283,0.25800002
27600,4413.228,0.15989956,0.25800002
27700,4439.028,0.16025372,0.25800002
27800,4464.828,0.16060533,0.25800002
27900,4490.628,0.1609544,0.25800002
28000,4516.4277,0.16130099,0.25800002
28100,4542.228,0.16164513,0.25800002
28200,4568.028,0.1619868,0.25800002
28300,4593.828,0.16232608,0.25800002
28400,4619.628,0.16266295,0.25800002
28500,4645.4277,0.16299747,0.25800002
28600,4671.228,0.16332965,0.25800002
28700,4697.028,0.16365951,0.25800002
28800,4722.828,0.16398709,0.25800002
28900,4748.628,0.16431239,0.25800002
29000,4774.4277,0.16463543,0.25800002
29100,4800.228,0.16495629,0.25800002
29200,4826.028,0.16527493,0.25800002
29300,4851.828,0.1655914,0.25800002
29400,4877.628,0.16590571,0.25800002
29500,4903.4277,0.1662179,0.25800002
29600,4929.228,0.16652797,0.25800002
29700,4955.028,0.16683595,0.25800002
29800,4980.828,0.16714188,0.25800002
29900,5006.628,0.16744575,0.25800002
30000,5032.4277,0.16774759,0.25800002
30100,5058.228,0.16804744,0.25800002
30200,5084.028,0.16834529,0.25800002
30300,5109.828,0.1686412,0.25800002
30400,5135.628,0.16893514,0.25800002
30500,5161.4277,0.16922714,0.25800002
30600,5187.228,0.16951725,0.25800002
30700,5213.028,0.16980547,0.25800002
30800,5238.828,0.17009182,0.25800002
30900,5264.628,0.17037632,0.25800002
31000,5290.4277,0.17065896,0.25800002
31100,5318.1777,0.17100249,0.2775
31200,5345.9277,0.17134383,0.2775
31300,5373.6777,0.171683,0.2775
31400,5401.4277,0.17201999,0.2775
31500,5429.1777,0.17235485,0.2775
31600,5456.9277,0.17268759,0.2775
31700,5484.6777,0.17301823,0.2775
31800,5512.4277,0.17334679,0.2775
31900,5540.1777,0.17367329,0.2775
32000,5567.9277,0.17399774,0.2775
32100,5595.6777,0.17432018,0.2775
32200,5623.4277,0.17464061,0.2775
32300,5651.1777,0.17495906,0.2775
32400,5678.9277,0.17527555,0.2775
32500,5706.6777,0.17559008,0.2775
32600,5734.4277,0.1759027,0.2775
32700,5762.1777,0.17621338,0.2775
32800,5789.9277,0.17652218,0.2775
32900,5817.6777,0.17682911,0.2775
33000,5845.4277,0.17713417,0.2775
33100,5873.1777,0.1774374,0.2775
33200,5900.9277,0.17773879,0.2775
33300,5928.6777,0.17803837,0.2775
33400,5956.4277,0.17833616,0.2775
33500,5984.1777,0.17863217,0.2775
33600,6011.9277,0.17892642,0.2775
33700,6039.6777,0.17921892,0.2775
33800,6067.4277,0.1795097,0.2775
33900,6095.1777,0.17979875,0.2775
34000,6122.9277,0.1800861,0.2775
34100,6150.6777,0.18037178,0.2775
34200,6178.4277,0.18065578,0.2775
34300,6206.1777,0.18093812,0.2775
34400,6233.9277,0.18121883,0.2775
34500,6261.6777,0.1814979,0.2775
34600,6289.4277,0.18177536,0.2775
34700,6317.1777,0.18205123,0.2775
34800,6344.9277,0.18232551,0.2775
34900,6372.6777,0.18259822,0.2775
35000,6400.4277,0.18286936,0.2775
35100,6428.1777,0.18313897,0.2775
35200,6455.9277,0.18340704,0.2775
35300,6483.6777,0.18367359,0.2775
35400,6511.4277,0.18393864,0.2775
35500,6539.1777,0.1842022,0.2775
35600,6566.9277,0.18446426,0.2775
35700,6594.6777,0.18472487,0.2775
35800,6622.4277,0.18498401,0.2775
35900,6650.1777,0.18524171,0.2775
36000,6677.9277,0.185498,0.2775
36100,6705.6777,0.18575284,0.2775
36200,6733.4277,0.1860063,0.2775
36300,6761.1777,0.18625835,0.2775
36400,6788.9277,0.186509,0.2775
36500,6816.6777,0.1867583,0.2775
36600,6844.4277,0.18700622,0.2775
36700,6872.1777,0.1872528,0.2775
36800,6899.9277,0.18749803,0.2775
36900,6927.6777,0.18774195,0.2775
37000,6955.4277,0.18798453,0.2775
37100,6983.1777,0.18822582,0.2775
37200,7010.9277,0.1884658,0.2775
37300,7038.6777,0.18870449,0.2775
37400,7066.4277,0.18894191,0.2775
37500,7094.1777,0.18917808,0.2775
37600,7121.9277,0.18941297,0.2775
37700,7149.6777,0.18964663,0.2775
37800,7177.4277,0.18987904,0.2775
37900,7205.1777,0.19011024,0.2775
38000,7232.9277,0.1903402,0.2775
38100,7260.6777,0.19056897,0.2775
38200,7288.4277,0.19079654,0.2775
38300,7316.1777,0.19102292,0.2775
38400,7343.9277,0.19124812,0.2775
38500,7371.6777,0.19147214,0.2775
38600,7399.4277,0.19169502,0.2775
38700,7427.1777,0.19191673,0.2775
38800,7454.9277,0.19213732,0.2775
38900,7482.6777,0.19235675,0.2775
39000,7510.4277,0.19257507,0.2775
39100,7538.1777,0.19279227,0.2775
39200,7565.9277,0.19300836,0.2775
39300,7593.6777,0.19322336,0.2775
39400,7621.4277,0.19343725,0.2775
39500,7649.1777,0.19365007,0.2775
39600,7676.9277,0.19386181,0.2775
39700,7704.6777,0.19407248,0.2775
39800,7732.4277,0.1942821,0.2775
39900,7760.1777,0.19449067,0.2775
40000,7787.9277,0.1946982,0.2775
40100,7815.6777,0.19490469,0.2775
40200,7843.4277,0.19511014,0.2775
40300,7871.1777,0.19531459,0.2775
40400,7898.9277,0.19551802,0.2775
40500,7926.6777,0.19572043,0.2775
40600,7954.4277,0.19592187,0.2775
40700,7982.1777,0.1961223,0.2775
40800,8009.9277,0.19632176,0.2775
40900,8037.6777,0.19652024,0.2775
41000,8065.428,0.19671777,0.2775
41100,8093.178,0.19691432,0.2775
41200,8120.928,0.19710991,0.2775
41300,8148.678,0.19730456,0.2775
41400,8176.428,0.19749826,0.2775
41500,8204.178,0.19769102,0.2775
41600,8231.928,0.19788288,0.2775
41700,8259.678,0.1980738,0.2775
41800,8287.428,0.19826382,0.2775
41900,8315.178,0.19845293,0.2775
42000,8342.928,0.19864114,0.2775
42100,8370.678,0.19882844,0.2775
42200,8398.428,0.19901487,0.2775
42300,8426.178,0.19920042,0.2775
42400,8453.928,0.19938509,0.2775
42500,8481.678,0.19956888,0.2775
42600,8509.428,0.19975182,0.2775
42700,8537.178,0.1999339,0.2775
42800,8564.928,0.20011513,0.2775
42900,8592.678,0.20029552,0.2775
43000,8620.428,0.20047507,0.2775
43100,8648.178,0.20065378,0.2775
43200,8675.928,0.20083167,0.2775
43300,8703.678,0.20100872,0.2775
43400,8731.428,0.20118497,0.2775
43500,8759.178,0.2013604,0.2775
43600,8786.928,0.20153505,0.2775
43700,8814.678,0.20170887,0.2775
43800,8842.428,0.20188192,0.2775
43900,8870.178,0.20205416,0.2775
44000,8897.928,0.20222563,0.2775
44100,8925.678,0.20239632,0.2775
44200,8953.428,0.20256624,0.2775
44300,8981.178,0.2027354,0.2775
44400,9008.928,0.20290378,0.2775
44500,9036.678,0.20307142,0.2775
44600,9064.428,0.2032383,0.2775
44700,9092.178,0.20340443,0.2775
44800,9119.928,0.20356981,0.2775
44900,9147.678,0.20373447,0.2775
45000,9175.428,0.2038984,0.2775
45100,9203.178,0.2040616,0.2775
45200,9230.928,0.20422406,0.2775
45300,9259.668,0.20440768,0.33249998
45400,9292.918,0.20468983,0.33249998
45500,9326.168,0.20497072,0.33249998
45600,9359.418,0.2052504,0.33249998
45700,9392.668,0.20552884,0.33249998
45800,9425.918,0.20580608,0.33249998
45900,9459.168,0.20608209,0.33249998
46000,9492.418,0.20635691,0.33249998
46100,9525.668,0.20663054,0.33249998
46200,9558.918,0.20690298,0.33249998
46300,9592.168,0.20717426,0.33249998
46400,9625.418,0.20744435,0.33249998
46500,9658.668,0.20771329,0.33249998
46600,9691.918,0.20798106,0.33249998
46700,9725.168,0.2082477,0.33249998
46800,9758.418,0.2085132,0.33249998
46900,9791.668,0.20877756,0.33249998
47000,9824.918,0.2090408,0.33249998
47100,9858.168,0.20930293,0.33249998
47200,9891.418,0.20956394,0.33249998
47300,9924.668,0.20982385,0.33249998
47400,9957.918,0.21008265,0.33249998
47500,9991.168,0.21034038,0.33249998
47600,10024.418,0.21059702,0.33249998
47700,10057.668,0.21085258,0.33249998
47800,10090.918,0.21110708,0.33249998
47900,10124.168,0.2113605,0.33249998
48000,10157.418,0.21161288,0.33249998
48100,10190.668,0.2118642,0.33249998
48200,10223.918,0.21211448,0.33249998
48300,10257.168,0.21236372,0.33249998
48400,10290.418,0.21261194,0.33249998
48500,10323.668,0.21285914,0.33249998
48600,10356.918,0.2131053,0.33249998
48700,10390.168,0.21335047,0.33249998
48800,10423.418,0.21359463,0.33249998
48900,10456.668,0.21383779,0.33249998
49000,10489.918,0.21407996,0.33249998
49100,10523.168,0.21432114,0.33249998
49200,10556.418,0.21456134,0.33249998
49300,10589.668,0.21480057,0.33249998
49400,10622.918,0.21503882,0.33249998
49500,10656.168,0.21527612,0.33249998
49600,10689.418,0.21551245,0.33249998
49700,10722.668,0.21574785,0.33249998
49800,10755.918,0.21598229,0.33249998
49900,10789.168,0.21621579,0.33249998
50000,10822.418,0.21644837,0.33249998
50100,10855.668,0.21668,0.33249998
50200,10888.918,0.21691072,0.33249998
50300,10922.168,0.21714051,0.33249998
50400,10955.418,0.2173694,0.33249998
50500,10988.668,0.21759738,0.33249998
50600,11021.918,0.21782446,0.33249998
50700,11055.168,0.21805064,0.33249998
50800,11088.418,0.21827595,0.33249998
50900,11121.668,0.21850035,0.33249998
51000,11154.918,0.21872388,0.33249998
51100,11188.168,0.21894653,0.33249998
51200,11221.418,0.21916832,0.33249998
51300,11254.668,0.21938924,0.33249998
51400,11287.918,0.2196093,0.33249998
51500,11321.168,0.2198285,0.33249998
51600,11354.418,0.22004686,0.33249998
51700,11387.668,0.22026438,0.33249998
51800,11420.918,0.22048104,0.33249998
51900,11454.168,0.22069688,0.33249998
52000,11487.418,0.22091189,0.33249998
52100,11520.668,0.22112606,0.33249998
52200,11553.918,0.22133942,0.33249998
52300,11587.168,0.22155197,0.33249998
52400,11620.418,0.2217637,0.33249998
52500,11653.668,0.22197463,0.33249998
52600,11686.918,0.22218475,0.33249998
52700,11720.168,0.22239408,0.33249998
52800,11753.418,0.2226026,0.33249998
52900,11786.668,0.22281036,0.33249998
53000,11819.918,0.22301732,0.33249998
53100,11853.168,0.2232235,0.33249998
53200,11886.418,0.2234289,0.33249998
53300,11919.668,0.22363354,0.33249998
53400,11952.918,0.22383742,0.33249998
53500,11986.168,0.22404052,0.33249998
53600,12019.418,0.22424287,0.33249998
53700,12052.668,0.22444446,0.33249998
53800,12085.918,0.22464532,0.33249998
53900,12119.168,0.22484542,0.33249998
54000,12152.418,0.22504477,0.33249998
54100,12185.668,0.2252434,0.33249998
54200,12218.918,0.22544129,0.33249998
54300,12252.168,0.22563845,0.33249998
54400,12285.418,0.22583489,0.33249998
54500,12318.668,0.2260306,0.33249998
54600,12351.918,0.2262256,0.33249998
54700,12385.168,0.2264199,0.33249998
54800,12418.418,0.22661346,0.33249998
54900,12451.668,0.22680634,0.33249998
55000,12484.918,0.22699851,0.33249998
55100,12518.168,0.22718999,0.33249998
55200,12551.418,0.22738077,0.33249998
55300,12584.668,0.22757085,0.33249998
55400,12617.918,0.22776026,0.33249998
55500,12651.168,0.22794898,0.33249998
55600,12684.418,0.22813702,0.33249998
55700,12717.668,0.22832438,0.33249998
55800,12750.918,0.22851108,0.33249998
55900,12784.168,0.2286971,0.33249998
56000,12817.418,0.22888246,0.33249998
56100,12850.668,0.22906716,0.33249998
56200,12883.918,0.2292512,0.33249998
56300,12917.168,0.2294346,0.33249998
56400,12950.418,0.22961734,0.33249998
56500,12983.668,0.22979943,0.33249998
56600,13016.918,0.22998089,0.33249998
56700,13050.168,0.2301617,0.33249998
56800,13083.418,0.23034187,0.33249998
56900,13116.668,0.23052141,0.33249998
57000,13149.918,0.23070031,0.33249998
57100,13183.168,0.23087859,0.33249998
57200,13216.418,0.23105626,0.33249998
57300,13249.668,0.2312333,0.33249998
57400,13282.918,0.23140971,0.33249998
57500,13316.168,0.23158553,0.33249998
57600,13349.418,0.23176073,0.33249998
57700,13382.668,0.23193532,0.33249998
57800,13415.918,0.23210931,0.33249998
57900,13449.168,0.2322827,0.33249998
58000,13482.418,0.23245548,0.33249998
58100,13515.668,0.23262767,0.33249998
58200,13548.918,0.23279928,0.33249998
58300,13582.168,0.2329703,0.33249998
58400,13615.418,0.23314072,0.33249998
58500,13648.668,0.23331057,0.33249998
58600,13681.918,0.23347983,0.33249998
58700,13715.168,0.23364852,0.33249998
58800,13748.418,0.23381664,0.33249998
58900,13781.668,0.23398417,0.33249998
59000,13814.918,0.23415115,0.33249998
59100,13848.168,0.23431756,0.33249998
59200,13881.418,0.2344834,0.33249998
59300,13914.668,0.2346487,0.33249998
59400,13947.918,0.23481344,0.33249998
59500,13981.168,0.23497762,0.33249998
59600,14014.418,0.23514125,0.33249998
59700,14047.668,0.23530433,0.33249998
59800,14080.918,0.23546685,0.33249998
59900,14114.168,0.23562884,0.33249998
60000,14147.418,0.2357903,0.33249998
60100,14180.668,0.23595122,0.33249998
60200,14213.918,0.2361116,0.33249998
60300,14247.168,0.23627144,0.33249998
60400,14280.418,0.23643076,0.33249998
60500,14313.668,0.23658955,0.33249998
60600,14346.918,0.23674782,0.33249998
60700,14380.168,0.23690557,0.33249998
60800,14413.418,0.2370628,0.33249998
60900,14446.668,0.23721951,0.33249998
61000,14479.918,0.2373757,0.33249998
61100,14513.168,0.2375314,0.33249998
61200,14546.418,0.23768657,0.33249998
61300,14579.668,0.23784123,0.33249998
61400,14612.918,0.2379954,0.33249998
61500,14646.168,0.23814908,0.33249998
61600,14679.418,0.23830225,0.33249998
61700,14712.668,0.23845491,0.33249998
61800,14745.918,0.2386071,0.33249998
61900,14779.168,0.23875877,0.33249998
62000,14812.418,0.23890996,0.33249998
62100,14845.668,0.23906067,0.33249998
62200,14878.918,0.2392109,0.33249998
62300,14912.168,0.23936065,0.33249998
62400,14945.418,0.23950991,0.33249998
62500,14978.668,0.23965868,0.33249998
62600,15011.918,0.239807,0.33249998
62700,15045.168,0.23995483,0.33249998
62800,15078.418,0.2401022,0.33249998
62900,15111.668,0.2402491,0.33249998
63000,15144.918,0.24039552,0.33249998
63100,15178.168,0.24054149,0.33249998
63200,15211.418,0.240687,0.33249998
63300,15244.668,0.24083203,0.33249998
63400,15277.918,0.24097662,0.33249998
63500,15311.168,0.24112076,0.33249998
63600,15344.418,0.24126443,0.33249998
63700,15377.668,0.24140766,0.33249998
63800,15410.918,0.24155045,0.33249998
63900,15444.168,0.24169277,0.33249998
64000,15477.418,0.24183466,0.33249998
64100,15510.668,0.2419761,0.33249998
64200,15543.918,0.2421171,0.33249998
64300,15577.168,0.24225767,0.33249998
64400,15610.418,0.2423978,0.33249998
64500,15643.668,0.24253748,0.33249998
64600,15676.918,0.24267675,0.33249998
64700,15710.168,0.24281558,0.33249998
64800,15743.418,0.24295399,0.33249998
64900,15776.668,0.24309196,0.33249998
65000,15809.918,0.24322951,0.33249998
65100,15843.168,0.24336663,0.33249998
65200,15876.418,0.24350335,0.33249998
65300,15909.668,0.24363963,0.33249998
65400,15942.918,0.2437755,0.33249998
65500,15976.168,0.24391097,0.33249998
65600,16009.418,0.244046,0.33249998
65700,16042.668,0.24418063,0.33249998
65800,16075.918,0.24431486,0.33249998
65900,16109.168,0.24444868,0.33249998
66000,16142.418,0.24458209,0.33249998
66100,16175.668,0.2447151,0.33249998
66200,16208.918,0.2448477,0.33249998
66300,16242.168,0.2449799,0.33249998
66400,16275.418,0.24511172,0.33249998
66500,16308.668,0.24524313,0.33249998
66600,16341.918,0.24537414,0.33249998
66700,16375.168,0.24550477,0.33249998
66800,16408.418,0.245635,0.33249998
66900,16441.668,0.24576484,0.33249998
67000,16474.918,0.2458943,0.33249998
67100,16512.818,0.24609268,0.379
67200,16550.719,0.24629046,0.379
67300,16588.62,0.24648765,0.379
67400,16626.52,0.24668427,0.379
67500,16664.418,0.24688026,0.379
67600,16702.318,0.24707572,0.379
67700,16740.219,0.24727058,0.379
67800,16778.12,0.24746488,0.379
67900,16816.02,0.24765861,0.379
68000,16853.918,0.24785173,0.379
68100,16891.818,0.24804433,0.379
68200,16929.719,0.24823634,0.379
68300,16967.62,0.24842781,0.379
68400,17005.52,0.2486187,0.379
68500,17043.418,0.24880902,0.379
68600,17081.318,0.2489988,0.379
68700,17119.219,0.24918805,0.379
68800,17157.12,0.24937673,0.379
68900,17195.018,0.24956484,0.379
69000,17232.918,0.24975243,0.379
69100,17270.818,0.24993949,0.379
69200,17308.719,0.250126,0.379
69300,17346.62,0.25031197,0.379
69400,17384.518,0.25049737,0.379
69500,17422.418,0.25068226,0.379
69600,17460.318,0.25086665,0.379
69700,17498.219,0.25105047,0.379
69800,17536.12,0.2512338,0.379
69900,17574.018,0.25141656,0.379
70000,17611.918,0.25159883,0.379
70100,17649.818,0.25178057,0.379
70200,17687.719,0.2519618,0.379
70300,17725.62,0.25214252,0.379
70400,17763.518,0.2523227,0.379
70500,17801.418,0.25250238,0.379
70600,17839.318,0.25268155,0.379
70700,17877.219,0.25286025,0.379
70800,17915.12,0.2530384,0.379
70900,17953.018,0.25321606,0.379
71000,17990.918,0.2533932,0.379
71100,18028.818,0.25356987,0.379
71200,18066.719,0.25374606,0.379
71300,18104.62,0.25392172,0.379
71400,18142.518,0.2540969,0.379
71500,18180.418,0.25427157,0.379
71600,18218.318,0.2544458,0.379
71700,18256.219,0.2546195,0.379
71800,18294.12,0.25479275,0.379
71900,18332.018,0.25496548,0.379
72000,18369.918,0.25513774,0.379
72100,18407.818,0.25530955,0.379
72200,18445.719,0.25548086,0.379
72300,18483.62,0.2556517,0.379
72400,18521.518,0.25582206,0.379
72500,18559.418,0.25599197,0.379
72600,18597.318,0.25616142,0.379
72700,18635.219,0.25633037,0.379
72800,18673.12,0.2564989,0.379
72900,18711.018,0.2566669,0.379
73000,18748.918,0.2568345,0.379
73100,18786.818,0.2570016,0.379
73200,18824.719,0.2571683,0.379
73300,18862.62,0.2573345,0.379
73400,18900.518,0.25750023,0.379
73500,18938.418,0.25766554,0.379
73600,18976.318,0.2578304,0.379
73700,19014.219,0.25799483,0.379
73800,19052.12,0.2581588,0.379
73900,19090.018,0.2583223,0.379
74000,19127.918,0.25848538,0.379
74100,19165.818,0.258648,0.379
74200,19203.719,0.25881022,0.379
74300,19241.62,0.258972,0.379
74400,19279.52,0.25913334,0.379
74500,19317.418,0.2592942,0.379
74600,19355.32,0.2594547,0.379
74700,19393.219,0.2596147,0.379
74800,19431.12,0.25977433,0.379
74900,19469.02,0.2599335,0.379
75000,19506.918,0.26009223,0.379
75100,19544.82,0.2602506,0.379
75200,19582.719,0.2604085,0.379
75300,19620.62,0.260566,0.379
75400,19658.52,0.26072308,0.379
75500,19696.418,0.2608797,0.379
75600,19734.32,0.26103598,0.379
75700,19772.219,0.2611918,0.379
75800,19810.12,0.2613472,0.379
75900,19848.02,0.26150224,0.379
76000,19885.918,0.26165682,0.379
76100,19923.82,0.26181105,0.379
76200,19961.719,0.26196483,0.379
76300,19999.62,0.26211822,0.379
76400,20037.52,0.2622712,0.379
76500,20075.418,0.26242375,0.379
76600,20113.32,0.26257598,0.379
76700,20151.219,0.26272777,0.379
76800,20189.12,0.26287916,0.379
76900,20227.02,0.26303017,0.379
77000,20264.918,0.26318076,0.379
77100,20302.82,0.263331,0.379
77200,20340.719,0.2634808,0.379
77300,20378.62,0.26363027,0.379
77400,20416.52,0.2637793,0.379
77500,20454.418,0.26392797,0.379
77600,20492.32,0.2640763,0.379
77700,20530.219,0.26422417,0.379
77800,20568.12,0.26437172,0.379
77900,20606.02,0.26451886,0.379
78000,20643.918,0.2646656,0.379
78100,20681.82,0.26481205,0.379
78200,20719.719,0.26495805,0.379
78300,20757.62,0.2651037,0.379
78400,20795.52,0.26524898,0.379
78500,20833.418,0.26539385,0.379
78600,20871.32,0.26553842,0.379
78700,20909.219,0.26568258,0.379
78800,20947.12,0.26582637,0.379
78900,20985.02,0.26596984,0.379
79000,21022.918,0.2661129,0.379
79100,21060.82,0.26625562,0.379
79200,21098.719,0.26639795,0.379
79300,21136.62,0.26653996,0.379
79400,21174.52,0.2666816,0.379
79500,21212.418,0.26682287,0.379
79600,21250.32,0.2669638,0.379
79700,21288.219,0.2671044,0.379
79800,21326.12,0.2672446,0.379
79900,21364.02,0.26738447,0.379
80000,21401.918,0.26752397,0.379
80100,21439.82,0.26766318,0.379
80200,21477.719,0.26780197,0.379
80300,21515.62,0.26794046,0.379
80400,21553.52,0.2680786,0.379
80500,21591.418,0.26821637,0.379
80600,21629.32,0.26835385,0.379
80700,21667.219,0.26849094,0.379
80800,21705.12,0.2686277,0.379
80900,21743.02,0.26876414,0.379
81000,21780.918,0.26890022,0.379
81100,21818.82,0.269036,0.379
81200,21856.719,0.26917142,0.379
81300,21894.62,0.2693065,0.379
81400,21932.52,0.26944128,0.379
81500,21970.418,0.2695757,0.379
81600,22008.32,0.2697098,0.379
81700,22046.219,0.26984355,0.379
81800,22084.12,0.269977,0.379
81900,22122.02,0.27011013,0.379
82000,22159.918,0.2702429,0.379
82100,22197.82,0.2703754,0.379
82200,22235.719,0.2705075,0.379
82300,22273.62,0.27063936,0.379
82400,22311.52,0.27077088,0.379
82500,22349.418,0.27090204,0.379
82600,22387.32,0.27103293,0.379
82700,22425.219,0.27116346,0.379
82800,22463.12,0.2712937,0.379
82900,22501.02,0.27142364,0.379
83000,22538.918,0.27155322,0.379
83100,22576.82,0.27168256,0.379
83200,22614.719,0.27181152,0.379
83300,22652.62,0.2719402,0.379
83400,22690.52,0.2720686,0.379
83500,22728.418,0.27219662,0.379
83600,22766.32,0.2723244,0.379
83700,22804.219,0.27245185,0.379
83800,22842.12,0.27257898,0.379
83900,22880.02,0.27270582,0.379
84000,22917.918,0.27283236,0.379
84100,22955.82,0.27295864,0.379
84200,22993.719,0.27308455,0.379
84300,23031.62,0.2732102,0.379
84400,23069.52,0.27333555,0.379
84500,23107.418,0.27346057,0.379
84600,23145.32,0.27358535,0.379
84700,23183.219,0.27370977,0.379
84800,23221.12,0.27383396,0.379
84900,23259.02,0.27395782,0.379
85000,23296.918,0.27408138,0.379
85100,23334.82,0.2742047,0.379
85200,23372.719,0.2743277,0.379
85300,23410.62,0.2744504,0.379
85400,23448.52,0.27457282,0.379
85500,23486.418,0.27469495,0.379
85600,23524.32,0.27481684,0.379
85700,23562.219,0.27493837,0.379
85800,23600.12,0.27505967,0.379
85900,23638.02,0.27518067,0.379
86000,23675.918,0.27530137,0.379
86100,23713.82,0.27542183,0.379
86200,23751.719,0.275542,0.379
86300,23789.62,0.27566186,0.379
86400,23827.52,0.27578148,0.379
86500,23865.418,0.27590078,0.379
86600,23903.32,0.27601987,0.379
86700,23941.219,0.27613863,0.379
86800,23979.12,0.27625713,0.379
86900,24017.02,0.27637538,0.379
87000,24054.918,0.2764933,0.379
87100,24092.82,0.27661103,0.379
87200,24130.719,0.27672842,0.379
87300,24168.62,0.27684557,0.379
87400,24206.52,0.27696246,0.379
87500,24244.418,0.27707908,0.379
87600,24282.32,0.27719542,0.379
87700,24320.219,0.2773115,0.379
87800,24358.12,0.27742732,0.379
87900,24396.02,0.2775429,0.379
88000,24433.918,0.27765816,0.379
88100,24471.82,0.2777732,0.379
88200,24509.719,0.27788797,0.379
88300,24547.62,0.27800247,0.379
88400,24585.52,0.27811673,0.379
88500,24623.418,0.2782307,0.379
88600,24661.32,0.27834448,0.379
88700,24699.219,0.27845794,0.379
88800,24737.12,0.27857116,0.379
88900,24775.02,0.27868414,0.379
89000,24812.918,0.27879682,0.379
89100,24850.82,0.27890933,0.379
89200,24888.719,0.2790215,0.379
89300,24926.62,0.27913347,0.379
89400,24964.52,0.2792452,0.379
89500,25002.418,0.27935663,0.379
89600,25040.32,0.27946785,0.379
89700,25078.219,0.2795788,0.379
89800,25116.12,0.27968952,0.379
89900,25154.02,0.2798,0.379
90000,25191.918,0.2799102,0.379
90100,25229.82,0.2800202,0.379
90200,25267.719,0.2801299,0.379
90300,25305.62,0.2802394,0.379
90400,25343.52,0.28034866,0.379
90500,25381.418,0.28045765,0.379
90600,25421.352,0.28058887,0.434
90700,25464.752,0.28075802,0.434
90800,25508.152,0.2809268,0.434
90900,25551.55,0.28109518,0.434
91000,25594.953,0.28126323,0.434
91100,25638.352,0.28143087,0.434
91200,25681.752,0.28159815,0.434
91300,25725.152,0.28176507,0.434
91400,25768.55,0.28193164,0.434
91500,25811.953,0.28209785,0.434
91600,25855.352,0.28226367,0.434
91700,25898.752,0.28242913,0.434
91800,25942.152,0.28259426,0.434
91900,25985.55,0.28275898,0.434
92000,26028.953,0.2829234,0.434
92100,26072.352,0.28308743,0.434
92200,26115.752,0.2832511,0.434
92300,26159.152,0.28341442,0.434
92400,26202.55,0.28357738,0.434
92500,26245.953,0.28374004,0.434
92600,26289.352,0.2839023,0.434
92700,26332.752,0.2840642,0.434
92800,26376.152,0.2842258,0.434
92900,26419.55,0.284387,0.434
93000,26462.953,0.2845479,0.434
93100,26506.352,0.28470838,0.434
93200,26549.752,0.2848686,0.434
93300,26593.152,0.28502843,0.434
93400,26636.55,0.2851879,0.434
93500,26679.953,0.2853471,0.434
93600,26723.352,0.2855059,0.434
93700,26766.752,0.28566438,0.434
93800,26810.152,0.2858225,0.434
93900,26853.55,0.2859803,0.434
94000,26896.953,0.2861378,0.434
94100,26940.352,0.2862949,0.434
94200,26983.752,0.28645173,0.434
94300,27027.152,0.2866082,0.434
94400,27070.55,0.28676432,0.434
94500,27113.953,0.28692013,0.434
94600,27157.352,0.2870756,0.434
94700,27200.752,0.28723076,0.434
94800,27244.152,0.28738558,0.434
94900,27287.55,0.28754005,0.434
95000,27330.953,0.28769425,0.434
95100,27374.352,0.2878481,0.434
95200,27417.752,0.2880016,0.434
95300,27461.152,0.2881548,0.434
95400,27504.55,0.28830767,0.434
95500,27547.953,0.28846025,0.434
95600,27591.352,0.28861246,0.434
95700,27634.752,0.2887644,0.434
95800,27678.152,0.288916,0.434
95900,27721.55,0.28906727,0.434
96000,27764.953,0.28921825,0.434
96100,27808.352,0.2893689,0.434
96200,27851.752,0.28951925,0.434
96300,27895.152,0.28966928,0.434
96400,27938.55,0.289819,0.434
96500,27981.953,0.28996843,0.434
96600,28025.352,0.2901175,0.434
96700,28068.752,0.2902663,0.434
96800,28112.152,0.2904148,0.434
96900,28155.55,0.29056296,0.434
97000,28198.953,0.29071087,0.434
97100,28242.352,0.29085842,0.434
97200,28285.752,0.29100567,0.434
97300,28329.152,0.29115266,0.434
97400,28372.55,0.29129928,0.434
97500,28415.953,0.29144567,0.434
97600,28459.352,0.2915917,0.434
97700,28502.752,0.29173747,0.434
97800,28546.152,0.29188296,0.434
97900,28589.55,0.2920281,0.434
98000,28632.953,0.292173,0.434
98100,28676.352,0.29231754,0.434
98200,28719.752,0.29246184,0.434
98300,28763.152,0.29260582,0.434
98400,28806.55,0.2927495,0.434
98500,28849.953,0.29289293,0.434
98600,28893.352,0.293036,0.434
98700,28936.752,0.29317886,0.434
98800,28980.152,0.29332137,0.434
98900,29023.55,0.29346362,0.434
99000,29066.953,0.2936056,0.434
99100,29110.352,0.29374725,0.434
99200,29153.752,0.29388863,0.434
99300,29197.152,0.29402974,0.434
99400,29240.55,0.29417053,0.434
99500,29283.953,0.29431108,0.434
99600,29327.352,0.29445133,0.434
99700,29370.752,0.2945913,0.434
99800,29414.152,0.294731,0.434
99900,29457.55,0.29487038,0.434
100000,29500.953,0.29500952,0.434
100100,29544.352,0.29514837,0.434
100200,29587.752,0.29528695,0.434
100300,29631.152,0.29542524,0.434
100400,29674.55,0.29556325,0.434
100500,29717.953,0.29570103,0.434
100600,29761.352,0.29583848,0.434
100700,29804.752,0.2959757,0.434
100800,29848.152,0.29611263,0.434
100900,29891.55,0.29624927,0.434
101000,29934.953,0.29638568,0.434
101100,29978.352,0.29652178,0.434
101200,30021.752,0.29665762,0.434
101300,30065.152,0.29679322,0.434
101400,30108.55,0.2969285,0.434
101500,30151.953,0.2970636,0.434
101600,30195.352,0.29719836,0.434
101700,30238.752,0.29733285,0.434
101800,30282.152,0.2974671,0.434
101900,30325.55,0.29760107,0.434
102000,30368.953,0.29773483,0.434
102100,30412.352,0.29786828,0.434
102200,30455.752,0.2980015,0.434
102300,30499.152,0.29813445,0.434
102400,30542.55,0.2982671,0.434
102500,30585.953,0.29839954,0.434
102600,30629.352,0.29853168,0.434
102700,30672.752,0.29866362,0.434
102800,30716.152,0.29879525,0.434
102900,30759.55,0.29892662,0.434
103000,30802.953,0.2990578,0.434
103100,30846.352,0.29918867,0.434
103200,30889.752,0.2993193,0.434
103300,30933.152,0.29944968,0.434
103400,30976.55,0.2995798,0.434
103500,31019.953,0.29970968,0.434
103600,31063.352,0.2998393,0.434
103700,31106.752,0.2999687,0.434
103800,31150.152,0.3000978,0.434
103900,31193.55,0.30022666,0.434
104000,31236.953,0.30035532,0.434
104100,31280.352,0.30048367,0.434
104200,31323.752,0.30061182,0.434
104300,31367.152,0.3007397,0.434
104400,31410.55,0.30086735,0.434
104500,31453.953,0.30099475,0.434
104600,31497.352,0.30112192,0.434
104700,31540.752,0.30124882,0.434
104800,31584.152,0.3013755,0.434
104900,31627.55,0.3015019,0.434
105000,31670.953,0.3016281,0.434
105100,31714.352,0.30175406,0.434
105200,31757.752,0.30187976,0.434
105300,31801.152,0.30200523,0.434
105400,31844.55,0.30213046,0.434
105500,31887.953,0.30225548,0.434
105600,31931.352,0.30238023,0.434
105700,31974.752,0.30250475,0.434
105800,32018.152,0.30262905,0.434
105900,32061.55,0.3027531,0.434
106000,32104.953,0.30287692,0.434
106100,32148.352,0.30300048,0.434
106200,32191.752,0.30312383,0.434
106300,32235.152,0.30324697,0.434
106400,32278.55,0.30336985,0.434
106500,32321.953,0.30349252,0.434
106600,32365.352,0.30361494,0.434
106700,32408.752,0.30373713,0.434
106800,32452.152,0.3038591,0.434
106900,32495.55,0.30398083,0.434
107000,32538.953,0.30410236,0.434
107100,32582.352,0.30422363,0.434
107200,32625.752,0.3043447,0.434
107300,32669.152,0.30446553,0.434
107400,32712.55,0.30458614,0.434
107500,32755.953,0.30470654,0.434
107600,32799.35,0.30482668,0.434
107700,32842.75,0.3049466,0.434
107800,32886.152,0.30506635,0.434
107900,32929.55,0.30518582,0.434
108000,32972.953,0.30530512,0.434
108100,33016.35,0.30542415,0.434
108200,33059.75,0.30554298,0.434
108300,33103.152,0.30566162,0.434
108400,33146.55,0.30578,0.434
108500,33189.953,0.3058982,0.434
108600,33233.35,0.30601612,0.434
108700,33276.75,0.30613387,0.434
108800,33320.152,0.3062514,0.434
108900,33363.55,0.3063687,0.434
109000,33406.953,0.3064858,0.434
109100,33450.35,0.3066027,0.434
109200,33493.75,0.30671933,0.434
109300,33537.152,0.3068358,0.434
109400,33580.55,0.30695203,0.434
109500,33623.953,0.30706808,0.434
109600,33667.35,0.30718386,0.434
109700,33710.75,0.30729946,0.434
109800,33754.152,0.30741486,0.434
109900,33797.55,0.30753005,0.434
110000,33840.953,0.30764502,0.434
110100,33884.35,0.3077598,0.434
110200,33927.75,0.30787432,0.434
110300,33971.152,0.3079887,0.434
110400,34014.55,0.30810282,0.434
110500,34057.953,0.30821678,0.434
110600,34101.35,0.30833048,0.434
110700,34144.75,0.308444,0.434
110800,34188.152,0.30855733,0.434
110900,34231.55,0.30867043,0.434
111000,34274.953,0.30878335,0.434
111100,34318.35,0.30889606,0.434
111200,34361.75,0.30900854,0.434
111300,34405.152,0.30912086,0.434
111400,34448.55,0.30923295,0.434
111500,34491.953,0.30934486,0.434
111600,34535.35,0.30945656,0.434
111700,34578.75,0.30956805,0.434
111800,34622.152,0.30967936,0.434
111900,34665.55,0.30979043,0.434
112000,34708.953,0.30990136,0.434
112100,34752.35,0.31001204,0.434
112200,34795.75,0.31012255,0.434
112300,34839.152,0.31023288,0.434
112400,34882.55,0.31034297,0.434
112500,34925.953,0.3104529,0.434
112600,34969.35,0.3105626,0.434
112700,35012.75,0.31067213,0.434
112800,35056.152,0.31078148,0.434
112900,35099.55,0.31089061,0.434
113000,35142.953,0.31099957,0.434
113100,35186.35,0.31110832,0.434
113200,35229.75,0.31121686,0.434
113300,35273.152,0.31132525,0.434
113400,35316.55,0.31143343,0.434
113500,35359.953,0.31154144,0.434
113600,35403.35,0.31164923,0.434
113700,35446.75,0.31175682,0.434
113800,35490.152,0.31186426,0.434
113900,35533.55,0.3119715,0.434
114000,35576.953,0.31207854,0.434
114100,35620.35,0.31218538,0.434
114200,35663.75,0.31229204,0.434
114300,35707.152,0.31239852,0.434
114400,35750.55,0.31250483,0.434
114500,35793.953,0.31261095,0.434
114600,35837.35,0.31271684,0.434
114700,35880.75,0.31282258,0.434
114800,35924.152,0.31292817,0.434
114900,35967.55,0.31303352,0.434
115000,36010.953,0.31313872,0.434
115100,36054.35,0.31324372,0.434
115200,36097.75,0.31334853,0.434
115300,36141.152,0.3134532,0.434
115400,36184.55,0.31355762,0.434
115500,36227.953,0.31366193,0.434
115600,36271.35,0.313766,0.434
115700,36314.754,0.31386995,0.434
115800,36358.152,0.3139737,0.434
115900,36401.55,0.31407723,0.434
116000,36444.953,0.31418064,0.434
116100,36488.35,0.31428382,0.434
116200,36531.754,0.31438687,0.434
116300,36575.152,0.3144897,0.434
116400,36618.55,0.31459236,0.434
116500,36661.953,0.31469488,0.434
116600,36705.35,0.3147972,0.434
116700,36748.754,0.31489936,0.434
116800,36792.152,0.3150013,0.434
116900,36835.55,0.31510308,0.434
117000,36878.953,0.31520474,0.434
117100,36922.35,0.31530616,0.434
117200,36965.754,0.31540745,0.434
117300,37009.152,0.31550854,0.434
117400,37052.55,0.31560946,0.434
117500,37095.953,0.31571025,0.434
117600,37139.35,0.3158108,0.434
117700,37182.754,0.31591123,0.434
117800,37226.152,0.3160115,0.434
117900,37269.55,0.31611153,0.434
118000,37312.953,0.31621146,0.434
118100,37356.35,0.31631118,0.434
118200,37399.754,0.31641078,0.434
118300,37443.152,0.31651017,0.434
118400,37486.55,0.31660938,0.434
118500,37529.953,0.31670848,0.434
118600,37573.35,0.31680736,0.434
118700,37616.754,0.3169061,0.434
118800,37660.152,0.31700465,0.434
118900,37703.55,0.31710303,0.434
119000,37746.953,0.3172013,0.434
119100,37790.35,0.31729934,0.434
119200,37833.754,0.31739727,0.434
119300,37877.152,0.317495,0.434
119400,37920.55,0.31759256,0.434
119500,37963.953,0.31768999,0.434
119600,38007.35,0.31778723,0.434
119700,38050.754,0.31788433,0.434
119800,38094.152,0.31798124,0.434
119900,38137.55,0.31807798,0.434
120000,38180.953,0.3181746,0.434
120100,38224.35,0.31827104,0.434
120200,38267.754,0.31836733,0.434
120300,38311.152,0.31846344,0.434
120400,38354.55,0.31855938,0.434
120500,38397.953,0.31865522,0.434
120600,38441.35,0.31875083,0.434
120700,38484.754,0.31884634,0.434
120800,38528.152,0.31894165,0.434
120900,38571.55,0.3190368,0.434
121000,38614.953,0.31913185,0.434
121100,38658.35,0.31922668,0.434
121200,38701.754,0.3193214,0.434
121300,38745.15,0.3194159,0.434
121400,38788.55,0.3195103,0.434
121500,38831.953,0.31960455,0.434
121600,38875.35,0.3196986,0.434
121700,38918.75,0.3197925,0.434
121800,38962.15,0.31988627,0.434
121900,39005.55,0.3199799,0.434
122000,39048.953,0.3200734,0.434
122100,39092.35,0.32016668,0.434
122200,39135.75,0.3202598,0.434
122300,39179.15,0.32035282,0.434
122400,39222.55,0.3204457,0.434
122500,39265.953,0.3205384,0.434
122600,39309.35,0.32063094,0.434
122700,39352.75,0.3207233,0.434
122800,39396.15,0.32081553,0.434
122900,39439.55,0.32090765,0.434
123000,39482.953,0.32099962,0.434
123100,39526.35,0.3210914,0.434
123200,39569.75,0.32118303,0.434
123300,39613.15,0.32127452,0.434
123400,39656.55,0.3213659,0.434
123500,39699.953,0.32145712,0.434
123600,39743.35,0.32154816,0.434
123700,39786.75,0.32163906,0.434
123800,39830.15,0.32172978,0.434
123900,39873.55,0.32182044,0.434
124000,39916.953,0.32191092,0.434
124100,39960.35,0.32200122,0.434
124200,40003.75,0.32209137,0.434
124300,40047.15,0.3221814,0.434
124400,40090.55,0.32227132,0.434
124500,40133.953,0.32236108,0.434
124600,40177.35,0.32245067,0.434
124700,40220.75,0.3225401,0.434
124800,40264.15,0.3226294,0.434
124900,40307.55,0.3227186,0.434
125000,40350.953,0.32280764,0.434
125100,40394.35,0.32289648,0.434
125200,40437.75,0.32298523,0.434
125300,40481.15,0.3230738,0.434
125400,40524.55,0.3231623,0.434
125500,40567.953,0.32325062,0.434
125600,40611.35,0.32333878,0.434
125700,40654.75,0.3234268,0.434
125800,40698.15,0.3235147,0.434
125900,40741.55,0.32360247,0.434
126000,40784.953,0.32369012,0.434
126100,40828.35,0.32377756,0.434
126200,40871.75,0.3238649,0.434
126300,40915.15,0.32395208,0.434
126400,40958.55,0.32403916,0.434
126500,41001.953,0.32412612,0.434
126600,41045.35,0.32421288,0.434
126700,41088.75,0.3242995,0.434
126800,41132.15,0.32438603,0.434
126900,41175.55,0.32447243,0.434
127000,41218.953,0.32455868,0.434
127100,41262.35,0.32464477,0.434
127200,41305.75,0.32473072,0.434
127300,41349.15,0.32481655,0.434
127400,41392.55,0.3249023,0.434
127500,41435.953,0.32498786,0.434
127600,41479.35,0.3250733,0.434
127700,41522.75,0.32515857,0.434
127800,41566.15,0.32524374,0.434
127900,41609.55,0.32532877,0.434
128000,41652.953,0.3254137,0.434
128100,41696.35,0.32549846,0.434
128200,41739.75,0.32558307,0.434
128300,41783.15,0.32566756,0.434
128400,41826.55,0.32575196,0.434
128500,41869.953,0.3258362,0.434
128600,41913.35,0.3259203,0.434
128700,41956.75,0.32600427,0.434
128800,42000.15,0.3260881,0.434
128900,42043.55,0.32617185,0.434
129000,42086.953,0.32625544,0.434
129100,42130.35,0.3263389,0.434
129200,42173.75,0.3264222,0.434
129300,42217.15,0.3265054,0.434
129400,42260.55,0.32658848,0.434
129500,42303.953,0.32667145,0.434
129600,42347.35,0.32675424,0.434
129700,42390.75,0.32683694,0.434
129800,42434.15,0.32691947,0.434
129900,42477.55,0.32700193,0.434
130000,42520.953,0.32708424,0.434
130100,42564.35,0.3271664,0.434
130200,42607.75,0.32724845,0.434
130300,42651.15,0.32733038,0.434
130400,42694.55,0.3274122,0.434
130500,42737.953,0.3274939,0.434
130600,42781.35,0.32757545,0.434
130700,42824.75,0.32765684,0.434
130800,42868.15,0.32773814,0.434
130900,42911.55,0.32781935,0.434
131000,42954.953,0.3279004,0.434
131100,42998.35,0.32798132,0.434
131200,43041.75,0.32806212,0.434
131300,43085.15,0.3281428,0.434
131400,43128.55,0.32822338,0.434
131500,43171.953,0.3283038,0.434
131600,43215.35,0.32838413,0.434
131700,43258.75,0.3284643,0.434
131800,43302.15,0.32854438,0.434
131900,43345.55,0.32862434,0.434
132000,43388.953,0.32870418,0.434
132100,43432.35,0.3287839,0.434
132200,43475.75,0.32886347,0.434
132300,43519.15,0.32894292,0.434
132400,43562.55,0.3290223,0.434
132500,43605.953,0.32910153,0.434
132600,43649.35,0.32918063,0.434
132700,43692.75,0.3292596,0.434
132800,43736.15,0.32933846,0.434
132900,43779.55,0.32941723,0.434
133000,43822.953,0.32949588,0.434
133100,43866.35,0.3295744,0.434
133200,43909.75,0.3296528,0.434
133300,43953.15,0.32973105,0.434
133400,43996.55,0.32980922,0.434
133500,44039.953,0.3298873,0.434
133600,44083.35,0.3299652,0.434
133700,44126.75,0.33004302,0.434
133800,44170.15,0.33012068,0.434
133900,44213.55,0.3301983,0.434
134000,44256.953,0.33027577,0.434
134100,44300.35,0.3303531,0.434
134200,44343.75,0.33043033,0.434
134300,44387.15,0.33050743,0.434
134400,44430.55,0.33058447,0.434
134500,44473.953,0.33066136,0.434
134600,44517.35,0.33073813,0.434
134700,44560.75,0.33081478,0.434
134800,44604.15,0.3308913,0.434
134900,44647.55,0.33096775,0.434
135000,44690.953,0.3310441,0.434
135100,44734.35,0.33112028,0.434
135200,44777.75,0.33119637,0.434
135300,44821.15,0.33127233,0.434
135400,44864.55,0.33134824,0.434
135500,44907.953,0.331424,0.434
135600,44951.35,0.33149964,0.434
135700,44994.75,0.33157516,0.434
135800,45038.15,0.33165058,0.434
135900,45081.55,0.3317259,0.434
136000,45124.953,0.33180112,0.434
136100,45168.35,0.33187622,0.434
136200,45211.75,0.33195117,0.434
136300,45255.15,0.33202603,0.434
136400,45298.55,0.3321008,0.434
136500,45341.953,0.3321755,0.434
136600,45385.35,0.33225,0.434
136700,45428.75,0.33232445,0.434
136800,45472.15,0.33239874,0.434
136900,45515.55,0.33247298,0.434
137000,45558.953,0.3325471,0.434
137100,45602.35,0.3326211,0.434
137200,45645.75,0.33269498,0.434
137300,45689.15,0.33276874,0.434
137400,45732.55,0.33284244,0.434
137500,45775.953,0.33291602,0.434
137600,45819.35,0.33298948,0.434
137700,45862.75,0.33306283,0.434
137800,45906.15,0.33313605,0.434
137900,45949.55,0.33320922,0.434
138000,45992.953,0.33328226,0.434
138100,46036.35,0.3333552,0.434
138200,46079.75,0.333428,0.434
138300,46123.15,0.3335007,0.434
138400,46166.55,0.33357334,0.434
138500,46209.953,0.33364588,0.434
138600,46253.35,0.33371827,0.434
138700,46296.75,0.33379054,0.434
138800,46340.15,0.33386275,0.434
138900,46383.55,0.33393484,0.434
139000,46426.953,0.33400685,0.434
139100,46470.35,0.33407873,0.434
139200,46513.75,0.3341505,0.434
139300,46557.15,0.33422217,0.434
139400,46600.55,0.33429375,0.434
139500,46643.953,0.33436525,0.434
139600,46687.35,0.33443663,0.434
139700,46730.75,0.33450788,0.434
139800,46774.15,0.33457902,0.434
139900,46817.55,0.3346501,0.434
140000,46860.953,0.3347211,0.434
140100,46904.35,0.33479196,0.434
140200,46947.75,0.3348627,0.434
140300,46991.15,0.33493334,0.434
140400,47034.914,0.3350065,0.464
140500,47081.313,0.3350983,0.464
140600,47127.71,0.33518997,0.464
140700,47174.113,0.33528155,0.464
140800,47220.51,0.33537295,0.464
140900,47266.914,0.33546427,0.464
141000,47313.313,0.3355554,0.464
141100,47359.71,0.33564642,0.464
141200,47406.113,0.33573735,0.464
141300,47452.51,0.3358281,0.464
141400,47498.914,0.33591878,0.464
141500,47545.313,0.33600926,0.464
141600,47591.71,0.33609965,0.464
141700,47638.113,0.33618993,0.464
141800,47684.51,0.33628005,0.464
141900,47730.914,0.33637008,0.464
142000,47777.313,0.33645993,0.464
142100,47823.71,0.3365497,0.464
142200,47870.113,0.33663934,0.464
142300,47916.51,0.3367288,0.464
142400,47962.914,0.33681822,0.464
142500,48009.313,0.33690745,0.464
142600,48055.71,0.3369966,0.464
142700,48102.113,0.33708557,0.464
142800,48148.51,0.33717445,0.464
142900,48194.914,0.33726323,0.464
143000,48241.313,0.33735183,0.464
143100,48287.71,0.33744034,0.464
143200,48334.113,0.33752874,0.464
143300,48380.51,0.33761698,0.464
143400,48426.914,0.3377051,0.464
143500,48473.313,0.3377931,0.464
143600,48519.71,0.337881,0.464
143700,48566.113,0.33796877,0.464
143800,48612.51,0.33805642,0.464
143900,48658.914,0.33814394,0.464
144000,48705.313,0.33823133,0.464
144100,48751.71,0.33831862,0.464
144200,48798.113,0.3384058,0.464
144300,48844.51,0.3384928,0.464
144400,48890.914,0.33857974,0.464
144500,48937.313,0.33866653,0.464
144600,48983.71,0.3387532,0.464
144700,49030.113,0.33883977,0.464
144800,49076.51,0.3389262,0.464
144900,49122.914,0.33901253,0.464
145000,49169.313,0.33909872,0.464
145100,49215.71,0.33918476,0.464
145200,49262.113,0.33927074,0.464
145300,49308.51,0.33935657,0.464
145400,49354.914,0.3394423,0.464
145500,49401.313,0.33952793,0.464
145600,49447.71,0.3396134,0.464
145700,49494.113,0.3396988,0.464
145800,49540.51,0.33978403,0.464
145900,49586.914,0.33986917,0.464
146000,49633.313,0.3399542,0.464
146100,49679.71,0.34003907,0.464
146200,49726.113,0.3401239,0.464
146300,49772.51,0.34020856,0.464
146400,49818.914,0.34029314,0.464
146500,49865.313,0.34037757,0.464
146600,49911.71,0.34046188,0.464
146700,49958.113,0.3405461,0.464
146800,50004.51,0.3406302,0.464
146900,50050.914,0.3407142,0.464
147000,50097.313,0.34079805,0.464
147100,50143.71,0.3408818,0.464
147200,50190.113,0.34096545,0.464
147300,50236.51,0.34104896,0.464
147400,50282.914,0.3411324,0.464
147500,50329.313,0.34121567,0.464
147600,50375.71,0.34129885,0.464
147700,50422.113,0.34138194,0.464
147800,50468.51,0.3414649,0.464
147900,50514.914,0.34154776,0.464
148000,50561.313,0.3416305,0.464
148100,50607.71,0.3417131,0.464
148200,50654.113,0.34179562,0.464
148300,50700.51,0.34187803,0.464
148400,50746.914,0.34196034,0.464
148500,50793.313,0.3420425,0.464
148600,50839.71,0.34212458,0.464
148700,50886.113,0.34220654,0.464
148800,50932.51,0.34228837,0.464
148900,50978.914,0.34237015,0.464
149000,51025.313,0.34245175,0.464
149100,51071.71,0.34253326,0.464
149200,51118.113,0.3426147,0.464
149300,51164.51,0.34269598,0.464
149400,51210.914,0.3427772,0.464
149500,51257.313,0.34285828,0.464
149600,51303.71,0.34293926,0.464
149700,51350.113,0.34302014,0.464
149800,51396.51,0.34310088,0.464
149900,51442.914,0.34318155,0.464
150000,51489.313,0.34326208,0.464
150100,51535.71,0.3433425,0.464
150200,51582.113,0.34342286,0.464
150300,51628.51,0.34350306,0.464
150400,51674.914,0.3435832,0.464
150500,51721.313,0.34366322,0.464
150600,51767.71,0.3437431,0.464
150700,51814.113,0.34382293,0.464
150800,51860.51,0.3439026,0.464
150900,51906.914,0.3439822,0.464
151000,51953.313,0.34406167,0.464
151100,51999.71,0.34414104,0.464
151200,52046.113,0.34422034,0.464
151300,52092.51,0.3442995,0.464
151400,52138.914,0.34437856,0.464
151500,52185.313,0.3444575,0.464
151600,52231.71,0.34453636,0.464
151700,52278.113,0.34461513,0.464
151800,52324.51,0.34469375,0.464
151900,52370.914,0.3447723,0.464
152000,52417.313,0.34485075,0.464
152100,52463.71,0.34492907,0.464
152200,52510.113,0.3450073,0.464
152300,52556.51,0.34508544,0.464
152400,52602.914,0.34516346,0.464
152500,52649.313,0.3452414,0.464
152600,52695.71,0.3453192,0.464
152700,52742.113,0.34539694,0.464
152800,52788.51,0.34547454,0.464
152900,52834.914,0.3455521,0.464
153000,52881.313,0.34562948,0.464
153100,52927.71,0.3457068,0.464
153200,52974.113,0.34578404,0.464
153300,53020.508,0.3458611,0.464
153400,53066.91,0.34593815,0.464
153500,53113.313,0.34601507,0.464
153600,53159.71,0.34609187,0.464
153700,53206.11,0.34616858,0.464
153800,53252.508,0.34624517,0.464
153900,53298.91,0.3463217,0.464
154000,53345.313,0.34639814,0.464
154100,53391.71,0.34647444,0.464
154200,53438.11,0.34655064,0.464
154300,53484.508,0.34662676,0.464
154400,53530.91,0.34670278,0.464
154500,53577.313,0.34677872,0.464
154600,53623.71,0.34685454,0.464
154700,53670.11,0.34693024,0.464
154800,53716.508,0.34700587,0.464
154900,53762.91,0.34708142,0.464
155000,53809.313,0.34715685,0.464
155100,53855.71,0.3472322,0.464
155200,53902.11,0.3473074,0.464
155300,53948.508,0.34738255,0.464
155400,53994.91,0.3474576,0.464
155500,54041.313,0.34753257,0.464
155600,54087.71,0.3476074,0.464
155700,54134.11,0.34768215,0.464
155800,54180.508,0.3477568,0.464
155900,54226.91,0.34783137,0.464
156000,54273.313,0.34790584,0.464
156100,54319.71,0.3479802,0.464
156200,54366.11,0.34805447,0.464
156300,54412.508,0.34812865,0.464
156400,54458.91,0.34820276,0.464
156500,54505.313,0.34827676,0.464
156600,54551.71,0.34835064,0.464
156700,54598.11,0.34842443,0.464
156800,54644.508,0.34849814,0.464
156900,54690.91,0.34857178,0.464
157000,54737.313,0.3486453,0.464
157100,54783.71,0.34871873,0.464
157200,54830.11,0.34879205,0.464
157300,54876.508,0.34886527,0.464
157400,54922.91,0.34893844,0.464
157500,54969.313,0.3490115,0.464
157600,55015.71,0.34908447,0.464
157700,55062.11,0.34915733,0.464
157800,55108.508,0.34923008,0.464
157900,55154.91,0.3493028,0.464
158000,55201.313,0.3493754,0.464
158100,55247.71,0.34944788,0.464
158200,55294.11,0.3495203,0.464
158300,55340.508,0.3495926,0.464
158400,55386.91,0.34966484,0.464
158500,55433.313,0.349737,0.464
158600,55479.71,0.34980902,0.464
158700,55526.11,0.34988096,0.464
158800,55572.508,0.34995282,0.464
158900,55618.91,0.3500246,0.464
159000,55665.313,0.35009632,0.464
159100,55711.71,0.3501679,0.464
159200,55758.11,0.35023937,0.464
159300,55804.508,0.35031077,0.464
159400,55850.906,0.3503821,0.464
159500,55897.31,0.35045335,0.464
159600,55943.707,0.3505245,0.464
159700,55990.11,0.35059556,0.464
159800,56036.508,0.3506665,0.464
159900,56082.906,0.35073736,0.464
160000,56129.31,0.35080817,0.464
160100,56175.707,0.35087886,0.464
160200,56222.11,0.3509495,0.464
160300,56268.508,0.35102,0.464
160400,56314.906,0.35109043,0.464
160500,56361.31,0.3511608,0.464
160600,56407.707,0.35123104,0.464
160700,56454.11,0.35130125,0.464
160800,56500.508,0.35137132,0.464
160900,56546.906,0.3514413,0.464
161000,56593.31,0.35151124,0.464
161100,56639.707,0.35158104,0.464
161200,56686.11,0.3516508,0.464
161300,56732.508,0.35172045,0.464
161400,56778.906,0.35179,0.464
161500,56825.31,0.3518595,0.464
161600,56871.71,0.3519289,0.464
161700,56918.11,0.3519982,0.464
161800,56964.508,0.3520674,0.464
161900,57010.906,0.35213655,0.464
162000,57057.31,0.3522056,0.464
162100,57103.71,0.3522746,0.464
162200,57150.11,0.35234347,0.464
162300,57196.508,0.35241225,0.464
162400,57242.906,0.35248095,0.464
162500,57289.31,0.35254958,0.464
162600,57335.71,0.35261816,0.464
162700,57382.11,0.35268658,0.464
162800,57428.508,0.35275495,0.464
162900,57474.906,0.35282326,0.464
163000,57521.31,0.35289147,0.464
163100,57567.71,0.3529596,0.464
163200,57614.11,0.35302764,0.464
163300,57660.508,0.3530956,0.464
163400,57706.906,0.35316345,0.464
163500,57753.31,0.35323125,0.464
163600,57799.71,0.35329896,0.464
163700,57846.11,0.35336658,0.464
163800,57892.508,0.35343412,0.464
163900,57938.906,0.35350156,0.464
164000,57985.31,0.35356894,0.464
164100,58031.71,0.35363626,0.464
164200,58078.11,0.35370347,0.464
164300,58124.508,0.35377058,0.464
164400,58170.906,0.35383764,0.464
164500,58217.31,0.3539046,0.464
164600,58263.71,0.3539715,0.464
164700,58310.11,0.3540383,0.464
164800,58356.508,0.35410503,0.464
164900,58402.906,0.35417166,0.464
165000,58449.31,0.35423824,0.464
165100,58495.71,0.35430473,0.464
165200,58542.11,0.35437113,0.464
165300,58588.508,0.35443744,0.464
165400,58634.906,0.35450366,0.464
165500,58681.31,0.35456985,0.464
165600,58727.71,0.35463592,0.464
165700,58774.11,0.35470194,0.464
165800,58820.508,0.35476783,0.464
165900,58866.906,0.35483366,0.464
166000,58913.31,0.35489944,0.464
166100,58959.71,0.35496515,0.464
166200,59006.11,0.35503075,0.464
166300,59052.508,0.35509625,0.464
166400,59098.906,0.3551617,0.464
166500,59145.31,0.35522708,0.464
166600,59191.71,0.35529238,0.464
166700,59238.11,0.3553576,0.464
166800,59284.508,0.3554227,0.464
166900,59330.906,0.35548776,0.464
167000,59377.31,0.35555273,0.464
167100,59423.71,0.35561767,0.464
167200,59470.11,0.35568246,0.464
167300,59516.508,0.3557472,0.464
167400,59562.906,0.35581186,0.464
167500,59609.31,0.35587648,0.464
167600,59655.71,0.355941,0.464
167700,59702.11,0.35600543,0.464
167800,59748.508,0.35606977,0.464
167900,59794.906,0.35613406,0.464
168000,59841.31,0.35619825,0.464
168100,59887.71,0.35626242,0.464
168200,59934.11,0.35632646,0.464
168300,59980.508,0.35639042,0.464
168400,60026.906,0.3564543,0.464
168500,60073.31,0.35651815,0.464
168600,60119.71,0.35658193,0.464
168700,60166.11,0.35664558,0.464
168800,60212.508,0.35670918,0.464
168900,60258.906,0.3567727,0.464
169000,60305.31,0.35683614,0.464
169100,60351.71,0.35689953,0.464
169200,60398.11,0.35696283,0.464
169300,60444.508,0.35702604,0.464
169400,60490.906,0.35708916,0.464
169500,60537.31,0.35715225,0.464
169600,60583.71,0.3572153,0.464
169700,60630.11,0.3572782,0.464
169800,60676.508,0.35734102,0.464
169900,60722.906,0.3574038,0.464
170000,60769.31,0.35746652,0.464
170100,60815.71,0.35752916,0.464
170200,60862.11,0.35759172,0.464
170300,60908.508,0.35765418,0.464
170400,60954.906,0.3577166,0.464
170500,61001.31,0.35777894,0.464
170600,61047.71,0.35784122,0.464
170700,61094.11,0.3579034,0.464
170800,61140.508,0.3579655,0.464
170900,61186.906,0.35802755,0.464
171000,61233.31,0.35808954,0.464
171100,61279.71,0.35815144,0.464
171200,61326.11,0.35821325,0.464
171300,61372.508,0.358275,0.464
171400,61418.906,0.3583367,0.464
171500,61465.31,0.3583983,0.464
171600,61511.71,0.35845986,0.464
171700,61558.11,0.3585213,0.464
171800,61604.508,0.3585827,0.464
171900,61650.906,0.358644,0.464
172000,61697.31,0.35870528,0.464
172100,61743.71,0.35876647,0.464
172200,61790.11,0.3588276,0.464
172300,61836.508,0.35888863,0.464
172400,61882.906,0.35894957,0.464
172500,61929.31,0.3590105,0.464
172600,61975.71,0.3590713,0.464
172700,62022.11,0.35913208,0.464
172800,62068.508,0.35919276,0.464
172900,62114.906,0.35925335,0.464
173000,62161.31,0.35931394,0.464
173100,62207.71,0.3593744,0.464
173200,62254.11,0.3594348,0.464
173300,62300.508,0.35949513,0.464
173400,62346.906,0.3595554,0.464
173500,62393.31,0.35961562,0.464
173600,62439.71,0.35967577,0.464
173700,62486.11,0.35973582,0.464
173800,62532.508,0.35979578,0.464
173900,62578.906,0.3598557,0.464
174000,62625.31,0.35991555,0.464
174100,62671.71,0.35997537,0.464
174200,62718.11,0.36003506,0.464
174300,62764.508,0.3600947,0.464
174400,62810.906,0.36015427,0.464
174500,62857.31,0.36021382,0.464
174600,62903.71,0.36027327,0.464
174700,62950.11,0.36033264,0.464
174800,62996.508,0.3603919,0.464
174900,63042.906,0.36045116,0.464
175000,63089.31,0.36051035,0.464
175100,63135.71,0.36056945,0.464
175200,63182.11,0.3606285,0.464
175300,63228.508,0.36068743,0.464
175400,63274.906,0.36074632,0.464
175500,63321.31,0.36080518,0.464
175600,63367.71,0.36086395,0.464
175700,63414.11,0.36092263,0.464
175800,63460.508,0.3609813,0.464
175900,63506.906,0.36103982,0.464
176000,63553.31,0.36109835,0.464
176100,63599.71,0.3611568,0.464
176200,63646.11,0.36121514,0.464
176300,63692.508,0.36127344,0.464
176400,63738.906,0.36133167,0.464
176500,63785.31,0.36138985,0.464
176600,63831.71,0.36144796,0.464
176700,63878.11,0.361506,0.464
176800,63924.508,0.36156395,0.464
176900,63970.906,0.36162186,0.464
177000,64017.31,0.3616797,0.464
177100,64063.71,0.3617375,0.464
177200,64110.11,0.3617952,0.464
177300,64156.508,0.36185282,0.464
177400,64202.906,0.3619104,0.464
177500,64249.31,0.36196792,0.464
177600,64295.71,0.3620254,0.464
177700,64342.11,0.36208278,0.464
177800,64388.508,0.3621401,0.464
177900,64434.906,0.36219734,0.464
178000,64481.31,0.36225453,0.464
178100,64527.71,0.3623117,0.464
178200,64574.11,0.36236873,0.464
178300,64620.508,0.36242574,0.464
178400,64666.906,0.36248267,0.464
178500,64713.31,0.36253953,0.464
178600,64759.71,0.36259636,0.464
178700,64806.11,0.3626531,0.464
178800,64852.508,0.36270976,0.464
178900,64898.906,0.36276639,0.464
179000,64945.31,0.36282295,0.464
179100,64991.71,0.36287946,0.464
179200,65038.11,0.36293587,0.464
179300,65084.508,0.36299223,0.464
179400,65130.906,0.36304852,0.464
179500,65177.31,0.3631048,0.464
179600,65223.71,0.36316097,0.464
179700,65270.11,0.3632171,0.464
179800,65316.508,0.3632731,0.464
179900,65362.906,0.3633291,0.464
180000,65409.31,0.36338505,0.464
180100,65455.71,0.36344093,0.464
180200,65502.11,0.36349672,0.464
180300,65548.51,0.36355245,0.464
180400,65594.91,0.36360812,0.464
180500,65641.31,0.3636638,0.464
180600,65687.71,0.36371934,0.464
180700,65734.11,0.3637748,0.464
180800,65780.51,0.36383024,0.464
180900,65826.91,0.3638856,0.464
181000,65873.31,0.36394095,0.464
181100,65919.71,0.3639962,0.464
181200,65966.11,0.36405137,0.464
181300,66012.51,0.3641065,0.464
181400,66058.91,0.36416155,0.464
181500,66105.31,0.3642166,0.464
181600,66151.71,0.36427152,0.464
181700,66198.11,0.36432642,0.464
181800,66244.51,0.36438122,0.464
181900,66290.91,0.364436,0.464
182000,66337.31,0.36449072,0.464
182100,66383.71,0.36454538,0.464
182200,66430.11,0.36459994,0.464
182300,66476.51,0.36465445,0.464
182400,66522.91,0.36470893,0.464
182500,66569.31,0.36476335,0.464
182600,66615.71,0.3648177,0.464
182700,66662.11,0.36487198,0.464
182800,66708.51,0.3649262,0.464
182900,66754.91,0.36498034,0.464
183000,66801.31,0.3650345,0.464
183100,66847.71,0.36508852,0.464
183200,66894.11,0.36514252,0.464
183300,66940.51,0.36519644,0.464
183400,66986.91,0.36525032,0.464
183500,67033.31,0.36530414,0.464
183600,67079.71,0.3653579,0.464
183700,67126.11,0.36541158,0.464
183800,67172.51,0.36546522,0.464
183900,67218.91,0.3655188,0.464
184000,67265.31,0.36557236,0.464
184100,67311.7,0.36562577,0.464
184200,67358.11,0.3656792,0.464
184300,67404.51,0.36573255,0.464
184400,67450.91,0.36578584,0.464
184500,67497.31,0.3658391,0.464
184600,67543.7,0.3658922,0.464
184700,67590.11,0.36594537,0.464
184800,67636.51,0.36599842,0.464
184900,67682.91,0.3660514,0.464
185000,67729.31,0.3661044,0.464
185100,67775.7,0.36615723,0.464
185200,67822.11,0.3662101,0.464
185300,67868.51,0.36626285,0.464
185400,67914.91,0.36631557,0.464
185500,67961.31,0.36636826,0.464
185600,68007.7,0.3664208,0.464
185700,68054.11,0.3664734,0.464
185800,68100.51,0.3665259,0.464
185900,68146.91,0.3665783,0.464
186000,68193.31,0.3666307,0.464
186100,68239.7,0.36668298,0.464
186200,68286.11,0.36673528,0.464
186300,68332.51,0.3667875,0.464
186400,68378.91,0.36683962,0.464
186500,68425.31,0.36689174,0.464
186600,68471.7,0.36694375,0.464
186700,68518.11,0.36699575,0.464
186800,68564.51,0.3670477,0.464
186900,68610.91,0.36709955,0.464
187000,68657.31,0.3671514,0.464
187100,68703.7,0.36720312,0.464
187200,68750.11,0.36725485,0.464
187300,68796.51,0.3673065,0.464
187400,68842.91,0.3673581,0.464
187500,68889.31,0.36740968,0.464
187600,68935.7,0.36746112,0.464
187700,68982.11,0.36751258,0.464
187800,69028.51,0.36756393,0.464
187900,69074.91,0.36761525,0.464
188000,69121.31,0.36766654,0.464
188100,69167.7,0.3677177,0.464
188200,69214.11,0.3677689,0.464
188300,69260.51,0.36782002,0.464
188400,69306.91,0.36787105,0.464
188500,69353.31,0.36792207,0.464
188600,69399.7,0.36797297,0.464
188700,69446.11,0.3680239,0.464
188800,69492.51,0.36807472,0.464
188900,69538.91,0.3681255,0.464
189000,69585.31,0.36817625,0.464
189100,69631.7,0.3682269,0.464
189200,69678.11,0.36827752,0.464
189300,69724.51,0.3683281,0.464
189400,69770.91,0.3683786,0.464
189500,69817.31,0.3684291,0.464
189600,69863.7,0.36847946,0.464
189700,69910.11,0.36852983,0.464
189800,69956.51,0.36858013,0.464
189900,70002.91,0.36863038,0.464
190000,70049.31,0.3686806,0.464
190100,70095.7,0.3687307,0.464
190200,70142.11,0.3687808,0.464
190300,70188.51,0.36883083,0.464
190400,70234.91,0.3688808,0.464
190500,70281.31,0.3689308,0.464
190600,70327.7,0.36898062,0.464
190700,70374.11,0.36903048,0.464
190800,70420.51,0.36908022,0.464
190900,70466.91,0.36912996,0.464
191000,70513.31,0.36917964,0.464
191100,70559.7,0.36922923,0.464
191200,70606.11,0.36927882,0.464
191300,70652.51,0.36932832,0.464
191400,70698.91,0.36937776,0.464
191500,70745.31,0.36942723,0.464
191600,70791.7,0.36947653,0.464
191700,70838.11,0.36952588,0.464
191800,70884.51,0.3695751,0.464
191900,70930.91,0.36962432,0.464
192000,70977.31,0.3696735,0.464
192100,71023.7,0.36972255,0.464
192200,71070.11,0.36977163,0.464
192300,71116.51,0.36982062,0.464
192400,71162.91,0.3698696,0.464
192500,71209.31,0.3699185,0.464
192600,71255.7,0.3699673,0.464
192700,71302.11,0.37001613,0.464
192800,71348.51,0.37006488,0.464
192900,71394.91,0.37011355,0.464
193000,71441.31,0.37016225,0.464
193100,71487.7,0.3702108,0.464
193200,71534.11,0.37025937,0.464
193300,71580.51,0.37030786,0.464
193400,71626.91,0.3703563,0.464
193500,71673.31,0.37040472,0.464
193600,71719.7,0.370453,0.464
193700,71766.11,0.37050134,0.464
193800,71812.51,0.3705496,0.464
193900,71858.91,0.37059775,0.464
194000,71905.31,0.37064594,0.464
194100,71951.7,0.37069398,0.464
194200,71998.11,0.37074205,0.464
194300,72044.51,0.37079006,0.464
194400,72090.91,0.370838,0.464
194500,72137.31,0.37088594,0.464
194600,72183.7,0.3709337,0.464
194700,72230.11,0.37098154,0.464
194800,72276.51,0.3710293,0.464
194900,72322.91,0.371077,0.464
195000,72369.31,0.37112468,0.464
195100,72415.7,0.37117225,0.464
195200,72462.11,0.3712198,0.464
195300,72508.51,0.37126732,0.464
195400,72554.91,0.37131476,0.464
195500,72601.31,0.3713622,0.464
195600,72647.7,0.37140954,0.464
195700,72694.11,0.37145686,0.464
195800,72740.51,0.37150413,0.464
195900,72786.91,0.37155133,0.464
196000,72833.31,0.37159854,0.464
196100,72879.7,0.3716456,0.464
196200,72926.11,0.37169272,0.464
196300,72972.51,0.37173972,0.464
196400,73018.91,0.37178668,0.464
196500,73065.31,0.37183365,0.464
196600,73111.7,0.37188047,0.464
196700,73158.11,0.37192735,0.464
196800,73204.51,0.3719741,0.464
196900,73250.91,0.37202084,0.464
197000,73297.31,0.37206757,0.464
197100,73343.7,0.37211418,0.464
197200,73390.11,0.3721608,0.464
197300,73436.51,0.37220734,0.464
197400,73482.91,0.37225384,0.464
197500,73529.31,0.37230033,0.464
197600,73575.7,0.37234667,0.464
197700,73622.11,0.37239307,0.464
197800,73668.51,0.37243938,0.464
197900,73714.91,0.37248564,0.464
198000,73761.31,0.3725319,0.464
198100,73807.7,0.372578,0.464
198200,73854.11,0.37262416,0.464
198300,73900.51,0.37267023,0.464
198400,73946.91,0.37271625,0.464
198500,73993.31,0.3727623,0.464
198600,74039.7,0.37280816,0.464
198700,74086.11,0.37285408,0.464
198800,74132.51,0.37289995,0.464
198900,74178.91,0.37294573,0.464
199000,74225.31,0.37299153,0.464
199100,74271.7,0.3730372,0.464
199200,74318.11,0.37308288,0.464
199300,74364.51,0.3731285,0.464
199400,74410.91,0.37317404,0.464
199500,74457.31,0.3732196,0.464
199600,74503.7,0.37326506,0.464
199700,74550.11,0.3733105,0.464
199800,74596.51,0.3733559,0.464
199900,74642.91,0.37340122,0.464
200000,74689.31,0.37344655,0.464
200100,74739.7,0.37351176,0.504
200200,74790.11,0.37357697,0.504
200300,74840.51,0.3736421,0.504
200400,74890.91,0.37370712,0.504
200500,74941.31,0.37377214,0.504
200600,74991.7,0.373837,0.504
200700,75042.11,0.3739019,0.504
200800,75092.51,0.37396666,0.504
200900,75142.91,0.3740314,0.504
201000,75193.31,0.3740961,0.504
201100,75243.7,0.37416062,0.504
201200,75294.11,0.3742252,0.504
201300,75344.51,0.37428966,0.504
201400,75394.91,0.37435406,0.504
201500,75445.31,0.37441844,0.504
201600,75495.7,0.37448266,0.504
201700,75546.11,0.3745469,0.504
201800,75596.51,0.37461105,0.504
201900,75646.91,0.37467512,0.504
202000,75697.31,0.37473917,0.504
202100,75747.7,0.3748031,0.504
202200,75798.11,0.37486702,0.504
202300,75848.51,0.37493083,0.504
202400,75898.91,0.3749946,0.504
202500,75949.31,0.37505832,0.504
202600,75999.7,0.37512192,0.504
202700,76050.11,0.37518555,0.504
202800,76100.51,0.37524906,0.504
202900,76150.91,0.3753125,0.504
203000,76201.31,0.37537593,0.504
203100,76251.7,0.3754392,0.504
203200,76302.11,0.3755025,0.504
203300,76352.51,0.3755657,0.504
203400,76402.91,0.37562883,0.504
203500,76453.31,0.37569195,0.504
203600,76503.7,0.37575492,0.504
203700,76554.11,0.37581792,0.504
203800,76604.51,0.3758808,0.504
203900,76654.91,0.37594363,0.504
204000,76705.31,0.37600642,0.504
204100,76755.7,0.3760691,0.504
204200,76806.11,0.37613177,0.504
204300,76856.51,0.37619436,0.504
204400,76906.91,0.37625688,0.504
204500,76957.31,0.37631938,0.504
204600,77007.7,0.37638173,0.504
204700,77058.11,0.3764441,0.504
204800,77108.51,0.3765064,0.504
204900,77158.91,0.37656862,0.504
205000,77209.31,0.37663078,0.504
205100,77259.7,0.37669286,0.504
205200,77310.11,0.3767549,0.504
205300,77360.51,0.3768169,0.504
205400,77410.91,0.3768788,0.504
205500,77461.31,0.3769407,0.504
205600,77511.7,0.37700245,0.504
205700,77562.11,0.37706423,0.504
205800,77612.51,0.3771259,0.504
205900,77662.91,0.3771875,0.504
206000,77713.31,0.3772491,0.504
206100,77763.7,0.37731054,0.504
206200,77814.11,0.37737203,0.504
206300,77864.51,0.3774334,0.504
206400,77914.91,0.3774947,0.504
206500,77965.31,0.377556,0.504
206600,78015.7,0.37761715,0.504
206700,78066.11,0.37767833,0.504
206800,78116.51,0.3777394,0.504
206900,78166.91,0.3778004,0.504
207000,78217.31,0.3778614,0.504
207100,78267.7,0.37792227,0.504
207200,78318.11,0.37798315,0.504
207300,78368.51,0.37804395,0.504
207400,78418.91,0.37810466,0.504
207500,78469.31,0.37816536,0.504
207600,78519.7,0.37822592,0.504
207700,78570.11,0.3782865,0.504
207800,78620.51,0.378347,0.504
207900,78670.91,0.37840745,0.504
208000,78721.31,0.37846786,0.504
208100,78771.7,0.37852812,0.504
208200,78822.11,0.3785884,0.504
208300,78872.51,0.3786486,0.504
208400,78922.91,0.37870875,0.504
208500,78973.31,0.3787689,0.504
208600,79023.7,0.37882888,0.504
208700,79074.11,0.37888888,0.504
208800,79124.51,0.37894878,0.504
208900,79174.91,0.37900865,0.504
209000,79225.31,0.3790685,0.504
209100,79275.7,0.3791282,0.504
209200,79326.11,0.3791879,0.504
209300,79376.51,0.37924752,0.504
209400,79426.91,0.3793071,0.504
209500,79477.31,0.37936664,0.504
209600,79527.7,0.37942606,0.504
209700,79578.11,0.3794855,0.504
209800,79628.51,0.37954485,0.504
209900,79678.91,0.37960413,0.504
210000,79729.31,0.37966338,0.504
210100,79779.7,0.37972254,0.504
210200,79830.11,0.3797817,0.504
210300,79880.51,0.37984073,0.504
210400,79930.91,0.37989974,0.504
210500,79981.31,0.37995872,0.504
210600,80031.7,0.38001758,0.504
210700,80082.11,0.38007647,0.504
210800,80132.51,0.38013524,0.504
210900,80182.91,0.38019395,0.504
211000,80233.31,0.38025266,0.504
211100,80283.7,0.38031125,0.504
211200,80334.11,0.38036984,0.504
211300,80384.51,0.38042834,0.504
211400,80434.91,0.3804868,0.504
211500,80485.31,0.3805452,0.504
211600,80535.7,0.38060352,0.504
211700,80586.11,0.38066182,0.504
211800,80636.51,0.38072005,0.504
211900,80686.91,0.38077822,0.504
212000,80737.31,0.38083637,0.504
212100,80787.7,0.3808944,0.504
212200,80838.11,0.38095245,0.504
212300,80888.51,0.3810104,0.504
212400,80938.91,0.3810683,0.504
212500,80989.31,0.38112617,0.504
212600,81039.7,0.38118392,0.504
212700,81090.11,0.3812417,0.504
212800,81140.51,0.38129938,0.504
212900,81190.91,0.381357,0.504
213000,81241.31,0.38141462,0.504
213100,81291.7,0.38147208,0.504
213200,81342.11,0.3815296,0.504
213300,81392.51,0.381587,0.504
213400,81442.91,0.38164437,0.504
213500,81493.31,0.3817017,0.504
213600,81543.7,0.3817589,0.504
213700,81594.11,0.38181615,0.504
213800,81644.51,0.38187328,0.504
213900,81694.91,0.38193038,0.504
214000,81745.31,0.38198745,0.504
214100,81795.7,0.38204437,0.504
214200,81846.11,0.38210136,0.504
214300,81896.51,0.38215822,0.504
214400,81946.91,0.38221505,0.504
214500,81997.31,0.38227186,0.504
214600,82047.7,0.38232854,0.504
214700,82098.11,0.38238522,0.504
214800,82148.51,0.38244185,0.504
214900,82198.91,0.3824984,0.504
215000,82249.31,0.38255495,0.504
215100,82299.7,0.38261136,0.504
215200,82350.11,0.38266778,0.504
215300,82400.51,0.38272414,0.504
215400,82450.91,0.38278043,0.504
215500,82501.31,0.38283673,0.504
215600,82551.7,0.38289288,0.504
215700,82602.11,0.38294905,0.504
215800,82652.51,0.38300514,0.504
215900,82702.91,0.38306117,0.504
216000,82753.31,0.3831172,0.504
216100,82803.7,0.38317308,0.504
216200,82854.11,0.383229,0.504
216300,82904.51,0.38328484,0.504
216400,82954.91,0.3833406,0.504
216500,83005.31,0.38339636,0.504
216600,83055.7,0.383452,0.504
216700,83106.11,0.38350767,0.504
216800,83156.51,0.38356322,0.504
216900,83206.91,0.38361874,0.504
217000,83257.31,0.38367426,0.504
217100,83307.7,0.38372964,0.504
217200,83358.11,0.38378504,0.504
217300,83408.51,0.38384035,0.504
217400,83458.91,0.3838956,0.504
217500,83509.31,0.38395086,0.504
217600,83559.7,0.384006,0.504
217700,83610.11,0.38406113,0.504
217800,83660.51,0.3841162,0.504
217900,83710.91,0.38417122,0.504
218000,83761.31,0.3842262,0.504
218100,83811.7,0.38428107,0.504
218200,83862.11,0.38433596,0.504
218300,83912.51,0.38439077,0.504
218400,83962.91,0.38444555,0.504
218500,84013.31,0.3845003,0.504
218600,84063.7,0.38455492,0.504
218700,84114.11,0.38460955,0.504
218800,84164.51,0.38466412,0.504
218900,84214.91,0.38471863,0.504
219000,84265.31,0.3847731,0.504
219100,84315.7,0.3848275,0.504
219200,84366.11,0.38488188,0.504
219300,84416.51,0.38493618,0.504
219400,84466.91,0.38499045,0.504
219500,84517.31,0.3850447,0.504
219600,84567.7,0.38509884,0.504
219700,84618.11,0.38515297,0.504
219800,84668.51,0.38520703,0.504
219900,84718.91,0.38526106,0.504
220000,84769.31,0.38531506,0.504
220100,84819.7,0.38536894,0.504
220200,84870.11,0.38542283,0.504
220300,84920.51,0.38547665,0.504
220400,84970.91,0.38553044,0.504
220500,85021.31,0.38558418,0.504
220600,85071.7,0.38563782,0.504
220700,85122.11,0.38569146,0.504
220800,85172.51,0.38574505,0.504
220900,85222.91,0.38579857,0.504
221000,85273.31,0.3858521,0.504
221100,85323.7,0.38590547,0.504
221200,85374.11,0.3859589,0.504
221300,85424.51,0.38601223,0.504
221400,85474.91,0.3860655,0.504
221500,85525.31,0.3861188,0.504
221600,85575.7,0.38617194,0.504
221700,85626.11,0.38622513,0.504
221800,85676.51,0.3862782,0.504
221900,85726.91,0.38633126,0.504
222000,85777.31,0.38638428,0.504
222100,85827.7,0.3864372,0.504
222200,85878.11,0.38649014,0.504
222300,85928.51,0.386543,0.504
222400,85978.91,0.38659582,0.504
222500,86029.31,0.3866486,0.504
222600,86079.7,0.3867013,0.504
222700,86130.11,0.38675398,0.504
222800,86180.51,0.38680658,0.504
222900,86230.91,0.38685915,0.504
223000,86281.31,0.38691172,0.504
223100,86331.7,0.38696414,0.504
223200,86382.11,0.38701662,0.504
223300,86432.51,0.387069,0.504
223400,86482.91,0.38712135,0.504
223500,86533.31,0.38717365,0.504
223600,86583.7,0.38722587,0.504
223700,86634.11,0.38727808,0.504
223800,86684.51,0.38733023,0.504
223900,86734.91,0.38738233,0.504
224000,86785.31,0.38743442,0.504
224100,86835.7,0.3874864,0.504
224200,86886.11,0.3875384,0.504
224300,86936.51,0.38759032,0.504
224400,86986.91,0.38764217,0.504
224500,87037.31,0.38769403,0.504
224600,87087.7,0.3877458,0.504
224700,87138.11,0.38779756,0.504
224800,87188.51,0.38784924,0.504
224900,87238.91,0.38790086,0.504
225000,87289.31,0.3879525,0.504
225100,87339.7,0.388004,0.504
225200,87390.11,0.38805553,0.504
225300,87440.51,0.388107,0.504
225400,87490.91,0.3881584,0.504
225500,87541.31,0.38820982,0.504
225600,87591.7,0.3882611,0.504
225700,87642.11,0.3883124,0.504
225800,87692.51,0.38836363,0.504
225900,87742.91,0.3884148,0.504
226000,87793.31,0.38846597,0.504
226100,87843.7,0.38851705,0.504
226200,87894.11,0.38856813,0.504
226300,87944.51,0.38861912,0.504
226400,87994.91,0.3886701,0.504
226500,88045.31,0.38872102,0.504
226600,88095.7,0.38877186,0.504
226700,88146.11,0.3888227,0.504
226800,88196.51,0.3888735,0.504
226900,88246.91,0.3889242,0.504
227000,88297.31,0.38897493,0.504
227100,88347.7,0.38902554,0.504
227200,88398.11,0.38907617,0.504
227300,88448.51,0.38912675,0.504
227400,88498.91,0.38917726,0.504
227500,88549.31,0.38922775,0.504
227600,88599.7,0.38927814,0.504
227700,88650.11,0.38932854,0.504
227800,88700.51,0.38937888,0.504
227900,88750.91,0.38942915,0.504
228000,88801.31,0.38947943,0.504
228100,88851.7,0.38952962,0.504
228200,88902.11,0.3895798,0.504
228300,88952.51,0.3896299,0.504
228400,89002.91,0.38967997,0.504
228500,89053.31,0.38973004,0.504
228600,89103.7,0.38977998,0.504
228700,89154.11,0.38982996,0.504
228800,89204.51,0.38987985,0.504
228900,89254.91,0.38992968,0.504
229000,89305.31,0.38997954,0.504
229100,89355.7,0.39002925,0.504
229200,89406.11,0.39007902,0.504
229300,89456.51,0.39012867,0.504
229400,89506.91,0.39017832,0.504
229500,89557.31,0.39022794,0.504
229600,89607.7,0.39027745,0.504
229700,89658.11,0.39032698,0.504
229800,89708.51,0.39037645,0.504
229900,89758.91,0.39042586,0.504
230000,89809.31,0.39047527,0.504
230100,89859.7,0.39052457,0.504
230200,89910.11,0.3905739,0.504
230300,89960.51,0.39062312,0.504
230400,90010.91,0.39067233,0.504
230500,90061.31,0.39072153,0.504
230600,90111.7,0.3907706,0.504
230700,90162.11,0.39081973,0.504
230800,90212.51,0.39086875,0.504
230900,90262.91,0.39091775,0.504
231000,90313.31,0.3909667,0.504
231100,90363.7,0.3910156,0.504
231200,90414.11,0.3910645,0.504
231300,90464.51,0.3911133,0.504
231400,90514.91,0.3911621,0.504
231500,90565.31,0.39121085,0.504
231600,90615.7,0.39125952,0.504
231700,90666.11,0.3913082,0.504
231800,90716.51,0.3913568,0.504
231900,90766.91,0.39140537,0.504
232000,90817.31,0.39145392,0.504
232100,90867.7,0.39150238,0.504
232200,90918.11,0.39155087,0.504
232300,90968.51,0.39159927,0.504
232400,91018.91,0.3916476,0.504
232500,91069.31,0.39169598,0.504
232600,91119.7,0.3917442,0.504
232700,91170.11,0.39179248,0.504
232800,91220.51,0.39184067,0.504
232900,91270.91,0.39188883,0.504
233000,91321.31,0.39193696,0.504
233100,91371.7,0.391985,0.504
233200,91422.11,0.39203307,0.504
233300,91472.51,0.39208105,0.504
233400,91522.91,0.392129,0.504
233500,91573.31,0.39217693,0.504
233600,91623.7,0.39222476,0.504
233700,91674.11,0.39227262,0.504
233800,91724.51,0.3923204,0.504
233900,91774.91,0.39236814,0.504
234000,91825.31,0.39241585,0.504
234100,91875.7,0.3924635,0.504
234200,91926.11,0.39251113,0.504
234300,91976.51,0.39255872,0.504
234400,92026.91,0.39260626,0.504
234500,92077.31,0.3926538,0.504
234600,92127.7,0.3927012,0.504
234700,92178.11,0.39274865,0.504
234800,92228.51,0.39279604,0.504
234900,92278.91,0.39284337,0.504
235000,92329.31,0.3928907,0.504
235100,92379.7,0.3929379,0.504
235200,92430.11,0.39298517,0.504
235300,92480.51,0.39303234,0.504
235400,92530.91,0.39307946,0.504
235500,92581.31,0.3931266,0.504
235600,92631.7,0.3931736,0.504
235700,92682.11,0.39322066,0.504
235800,92732.51,0.39326763,0.504
235900,92782.91,0.39331457,0.504
236000,92833.31,0.39336148,0.504
236100,92883.7,0.39340833,0.504
236200,92934.11,0.39345515,0.504
236300,92984.51,0.39350194,0.504
236400,93034.91,0.39354867,0.504
236500,93085.31,0.3935954,0.504
236600,93135.7,0.39364204,0.504
236700,93186.11,0.39368868,0.504
236800,93236.51,0.39373526,0.504
236900,93286.91,0.39378178,0.504
237000,93337.31,0.39382833,0.504
237100,93387.7,0.39387476,0.504
237200,93438.11,0.3939212,0.504
237300,93488.51,0.3939676,0.504
237400,93538.91,0.39401394,0.504
237500,93589.31,0.39406025,0.504
237600,93639.7,0.3941065,0.504
237700,93690.11,0.39415276,0.504
237800,93740.51,0.39419895,0.504
237900,93790.91,0.3942451,0.504
238000,93841.31,0.39429122,0.504
238100,93891.7,0.39433727,0.504
238200,93942.11,0.39438334,0.504
238300,93992.51,0.39442933,0.504
238400,94042.91,0.39447528,0.504
238500,94093.31,0.39452124,0.504
238600,94143.7,0.39456707,0.504
238700,94194.11,0.39461294,0.504
238800,94244.51,0.39465874,0.504
238900,94294.91,0.3947045,0.504
239000,94345.31,0.39475027,0.504
239100,94395.7,0.39479592,0.504
239200,94446.11,0.39484158,0.504
239300,94496.51,0.3948872,0.504
239400,94546.91,0.39493278,0.504
239500,94597.31,0.39497834,0.504
239600,94647.7,0.3950238,0.504
239700,94698.11,0.3950693,0.504
239800,94748.51,0.39511472,0.504
239900,94798.91,0.39516008,0.504
240000,94849.31,0.39520547,0.504
240100,94899.7,0.39525074,0.504
240200,94950.11,0.39529604,0.504
240300,95000.51,0.39534128,0.504
240400,95050.91,0.39538646,0.504
240500,95101.31,0.39543167,0.504
240600,95151.7,0.39547673,0.504
240700,95202.11,0.39552185,0.504
240800,95252.51,0.39556688,0.504
240900,95302.91,0.3956119,0.504
241000,95353.31,0.39565688,0.504
241100,95403.7,0.3957018,0.504
241200,95454.11,0.3957467,0.504
241300,95504.51,0.3957916,0.504
241400,95554.91,0.39583638,0.504
241500,95605.31,0.3958812,0.504
241600,95655.7,0.3959259,0.504
241700,95706.11,0.39597067,0.504
241800,95756.51,0.39601535,0.504
241900,95806.91,0.39605996,0.504
242000,95857.31,0.3961046,0.504
242100,95907.7,0.39614913,0.504
242200,95958.11,0.39619368,0.504
242300,96008.51,0.39623818,0.504
242400,96058.91,0.3962826,0.504
242500,96109.31,0.39632705,0.504
242600,96159.7,0.3963714,0.504
242700,96210.11,0.39641577,0.504
242800,96260.51,0.3964601,0.504
242900,96310.91,0.39650434,0.504
243000,96361.31,0.3965486,0.504
243100,96411.7,0.39659277,0.504
243200,96462.11,0.39663696,0.504
243300,96512.51,0.39668107,0.504
243400,96562.91,0.39672518,0.504
243500,96613.31,0.39676926,0.504
243600,96663.7,0.39681324,0.504
243700,96714.11,0.39685723,0.504
243800,96764.51,0.3969012,0.504
243900,96814.91,0.3969451,0.504
244000,96865.31,0.396989,0.504
244100,96915.7,0.3970328,0.504
244200,96966.11,0.3970766,0.504
244300,97016.51,0.3971204,0.504
244400,97066.91,0.3971641,0.504
244500,97117.31,0.39720783,0.504
244600,97167.7,0.39725146,0.504
244700,97218.11,0.3972951,0.504
244800,97268.51,0.3973387,0.504
244900,97318.91,0.39738223,0.504
245000,97369.31,0.39742577,0.504
245100,97419.7,0.39746922,0.504
245200,97470.11,0.39751267,0.504
245300,97520.51,0.3975561,0.504
245400,97570.91,0.39759946,0.504
245500,97621.31,0.39764282,0.504
245600,97671.7,0.3976861,0.504
245700,97722.11,0.3977294,0.504
245800,97772.51,0.3977726,0.504
245900,97822.91,0.3978158,0.504
246000,97873.31,0.397859,0.504
246100,97923.7,0.39790207,0.504
246200,97974.11,0.3979452,0.504
246300,98024.51,0.39798826,0.504
246400,98074.91,0.39803126,0.504
246500,98125.31,0.3980743,0.504
246600,98175.7,0.3981172,0.504
246700,98226.11,0.39816016,0.504
246800,98276.51,0.39820302,0.504
246900,98326.91,0.39824587,0.504
247000,98377.31,0.39828873,0.504
247100,98427.7,0.39833146,0.504
247200,98478.11,0.39837423,0.504
247300,98528.51,0.39841694,0.504
247400,98578.91,0.3984596,0.504
247500,98629.31,0.39850226,0.504
247600,98679.7,0.39854485,0.504
247700,98730.11,0.39858744,0.504
247800,98780.51,0.39862996,0.504
247900,98830.91,0.39867246,0.504
248000,98881.31,0.39871496,0.504
248100,98931.7,0.39875737,0.504
248200,98982.11,0.3987998,0.504
248300,99032.51,0.39884216,0.504
248400,99082.91,0.39888448,0.504
248500,99133.31,0.39892682,0.504
248600,99183.7,0.39896902,0.504
248700,99234.11,0.39901128,0.504
248800,99284.51,0.39905348,0.504
248900,99334.91,0.39909565,0.504
249000,99385.31,0.3991378,0.504
249100,99435.7,0.39917985,0.504
249200,99486.11,0.39922196,0.504
249300,99536.51,0.39926398,0.504
249400,99586.91,0.39930597,0.504
249500,99637.31,0.39934793,0.504
249600,99687.7,0.39938983,0.504
249700,99738.11,0.39943177,0.504
249800,99788.51,0.3994736,0.504
249900,99838.91,0.39951542,0.504
